"본 연구는 만19세 이상 34세 이하 청년의 현황을 살펴보고 청년의 빈곤 및 고용실태에 미치는 요인을 2012~2016년도 가계금융·복지조사를 이용하여 분석한다. 분석 결과 학생이거나 무직인 청년의 비율은 증가 추세를 보였고, 청년 집단의 경제적 상황은 혼인상태, 학력, 종사상지위, 대출 등에 따라 상이하였으며, 소득보장정책의 청년층 빈곤율 감소효과는 미미한 것으로 나타났다. 청년의 고용실태를 살펴보기 위해 종사상지위 및 저임금고용에 영향을 미치는 요인을 분석하였다. 종사상지위에 대한 다항로짓분석 결과, 연령이나 교육연수가 높을수록 상용직 대비 임시·일용직에 종사할 확률이 낮아졌으나 이에 대한 여성과 남성 간의 차이는 확인되지 않았다. 청년 및 비청년 연령그룹을 대상으로 저임금고용 결정요인을 로짓분석한 결과, 여성일수록, 교육연수가 낮을수록, 가구주의 배우자나 자녀일수록, 임시·일용직 종사자일수록 저임금고용에 종사할 확률이 높았다. 특히 여성의 경우 연령층이 증가함에 따라 저임금고용에 처할 위험도 증가하고 있어 저임금고용의 고착화현상이 관찰되었다. 모든 연령집단에서 임시·일용직 종사자는 상용직에 비해 저임금고용에 처할 위험이 높았지만, 이는 젊은 연령층에서 더욱 크게 나타났다. 본 연구에서는 청년의 빈곤과 불안정고용의 문제를 포괄적으로 해결하기 위해서는 청년의 개인적 특성과 청년의 생애주기를 고려한 고용 및 사회보장정책을 기초로 양질의 일자리 공급이 지속적이고 안정적으로 이뤄져야 함을 제안하였다. "
"본 연구에서 대학 재학 중 일 경험 유형이 초기 노동시장 이행에 미치는 영향을 분석하였다. 이를 위해 한국고용정보원의 ‘대졸자 직업이동 경로조사(GOMS)’ 2016년도 자료를 활용하여 재학 중 일 경험 목적 및 전공 관련 여부에 따라 집단을 구분하고, 졸업 후 첫 직장 취업 소요기간, 임금, 직무만족도에 미치는 영향을 살펴보았다. 분석 결과, 진로탐색을 목적으로 전공과 관련 있는 일자리를 경험한 학생의 경우 재학 중 일자리를 경험하지 않은 학생에 비해 첫 일자리로의 진입이 빠르고 직무만족도가 높은 것으로 나타났다. 또한, 생계를 목적으로 전공과 관련 없는 일자리를 경험한 학생의 경우 재학 중 일 경험이 없는 집단과 비교했을 때 취업소요기간이 짧고 낮은 임금을 받는 것으로 나타났다. 그러나 생계가 목적이지만 전공과 관련 있는 일자리를 경험한 학생의 경우는 그러한 부정적인 효과를 상쇄시키는 것으로 보인다. 이와 같은 결과를 통해 대학 재학 중 자신의 전공과 관련 있는 일자리 경험의 중요성을 확인하였고, 청년층에게 제공되어야 하는 바람직한 일 관련 경험에 대한 정책적 시사점을 제언하였다. "
"첨단기술 발전은 생활방식ㆍ노동방식의 변화를 초래하고 이는 고용형태 등 노동 시장ㆍ고용사회의 변화로 연결되고, 변화하는 고용사회에 따른 노동법의 개혁 과제 를 다루었다. 최근에 일본에서 고용시스템의 변화에 따른 노동법의 대응으로 격차시 정과 관련된 입법의 영향, 다양하게 일하는 방식 정책의 영향, 기술발달의 영향을 고려해, 외국 노동법의 정책적인 동향(노동법 개혁의 내용과 방법)과 관련해 취업촉 진정책, 차별금지 정책을 각각 살펴보았다. 또한, 일본에서의 노동법 개혁의 이론에 대해서는 새로운 노동법 형성과 관련된 ‘주체론’, 노동법 개혁의 법적 기반과 관련된 ‘권리론’, 다양한 정책의 목적을 실현 하는 방법과 관련된 ‘방법론’이라는 3가지 관점에서 각각 전개되었음을 살펴보았다. 그리고 일본 노동법의 개혁과 관련된 정책 방향을 살펴봄으로써 비정규직 근로자 의 고용안정과 대우의 개선, 여성의 활약과 고령자ㆍ청년ㆍ장애인 등의 고용촉진, 장시간 근로 등 정규직 등과 관련된 일하는 방식의 개혁에 대하여 각각 논의하였다. 본고에서는 노동법 개혁의 한계와 과제와 관련해, (ⅰ) 새로운 정책수단인 ‘인센 티브 시스템’으로 인센티브의 내용이 불충분하고, 그 부여 기준도 형식적ㆍ수량적임 을 확인하였다. (ⅱ) 실질적인 노동법 정책에서는 종합적인 접근으로는 아직은 초기 단계이고, 선진국처럼 역동적인 노동법 정책은 없었다. (ⅲ) 기술발전에 따라 노동시 장에서 디지털 플랫폼 노동종사자(자영적 취업자)가 증가하고, 이에 노동법학에서 종 속근로를 넘어서서 독립근로도 포함한 ‘노동법의 재생’을 논의할 필요가 있다. "
"본 연구는 고졸 청년 노동자들이 가정환경, 진로 모색, 노동시장 진출, 경력 형성 과정에서 겪는 빈곤, 차별 등의 삶의 경험을 탐색하여, 이들이 어떤 불안정성을 경험하고 있는지 파악하고 정책적 대안을 모색하는 것에 그 목적이 있다. 이를 위해 질적 사례연구 방법을 통해 ‘저임금 고졸 청년 노동자’라는 경계를 가진 체계를 심층 분석하였다. 분석결과 전형적인 고졸 청년 노동자들은 원가족의 경제적 상황의 영향 속에서 대학 비진학을 선택하고, 진로에 대한 충분한 탐색 없이 노동시장에 밀려나오듯 진출한다. 고졸 청년 노동자들은 경제적 압력 속에서 근로를 지속하지만, 대부분 저임금・비숙련 일자리로 장시간 노동에 시달리며, 숙련에 투자하거나 경력을 축적하지 못한다. 이처럼 경제적 빈곤이 시간적 빈곤으로, 시간적 빈곤이 인적자본의 빈곤으로 이어지는 상황은 고졸 청년 노동자들의 상황이 시간이 지나도 나아지지 않는 상황을 초래함에도 불구하고, 이들 대부분은 기존의 청년 대상 고용 및 소득지원 정책에서 소외되어 있다. 이를 개선하기 위해서는 고졸 취업자에 대한 이행지원, 직업훈련・교육 및 진로모색 지원, 일하는 청년에 대한 소득지원, 사회적 관계망 지원, 사회보험 사각지대 축소, 학력에 대한 인식변화를 위한 지원 등의 포괄적 정책 프로그램이 필요하다 "
"본 연구는 광주‧전남지역의 청년고용 부진원인으로 경제성장세 둔화 및 고용창출력 저하, 노동시장의 이중구조(duality) 심화, 양질의 일자리 부족에 따른 미스매치(mismatch) 확대 등의 요인에 주목하였다. 그리고 이들 요인에 대한 대리변수(proxy variables)를 도입하여 청년 고용률에 미치는 영향을 16개 광역시도별 패널자료에 의거 실증분석을 실시하였는데 그 결과는 다음과 같다. 첫째, 경제성장률이 청년 고용률에 미치는 영향은 통계적으로 유의하나 그 영향력은 글로벌 금융위기 이후 줄어든 것으로 나타났다. 둘째, 노동시장 이중구조 및 미스매치 등 노동시장의 구조적 요인이 청년 고용률에 미치는 영향은 글로벌 금융위기 이후 크게 증가한 것으로 나타났다. 따라서 광주‧전남지역의 청년고용 문제를 완화하기 위해서는 양질의 일자리를 창출하는 신성장 동력 발굴과 함께 노동시장의 구조적인 요인에 따른 문제점을 해소하려는 정책적 노력이 더욱 요구된다고 하겠다."
"우리나라의 국제개발협력 인력은 수요에 비해 부족하다. 기본계획수립과 성과평가제도 확립, 전문가 데이터베이스 구축 및 활용, 직업능력개발 국제협력 활성화, 고등교육기관 역할 재정립 등의 전략 실행을 통해 전문가 집단의 역량을 강화하는 방안을 모색해야 할 것이다. 최근 주목되고 있는 사회서비스 일자리 확대는 고령화와 청년실업 등 사회문제와 국제개발협력 인력활용의 긍정적 대안이 될 수 있을 것으로 보인다. ODA 수원국 중 가장 큰 비중을 차지하는 아세안 국가들의 실질적 현안을 개선할 수 있는 일자리를 양성하고 활용해야 한다. 우리나라의 해당분야 지원역량이 상대적으로 유리하여 강점으로 작용할 것으로 판단된다. 작금의 ODA 사업은 법 제도, 거버넌스, 고용부문 등에서 과거와는 다른 대안을 찾아 실행에 옮겨야 하는 상황에 와 있다. 이와 더불어 국제개발 협력 담당 부처, 관련 기관, 전문인력 모두가 국제개발협력분야에 관한 공감대를 형성하고 인식의 전환이 이루어질 때 비로소 업계와 사회 저변에서부터 시작되는 정책의 변화와 결과가 나타날 것이다. "
"본 연구에서는 청년패널 1차 웨이브(YP2001)와 2차 웨이브(YP2007) 자료를 활용하여 외환위기 직후와 국제금융위기 직전 두 코호트 간 대졸 청년의 노동시장 이행과정과 노동시장 성과를 비교․분석하였다. 분석결과는 다음과 같다.
첫째, 이행경로 분석결과, 국제금융위기를 거친 2007년 대학생이 외환위기 직후인 2001년 대학생에 비해 취업으로의 이행 비율이 더 높다. 둘째, 재학 중 취업노력으로서 직업적성이나 흥미검사, 면접훈련 등 체계적인 취업준비 프로그램 참여비율은 2차 코호트인 2007년 대학생이 더 높으나, 공공알선기관이나 이력서 제출, 인터넷 활용 등 통상적 방법은 더 낮다. 특히 전통적 구직경로로 나타나는 친인척, 선배, 친구 등에게 취업을 부탁한 경험은 크게 낮다. 셋째, 구직정보를 얻는 주된 경로로 높은 비중을 보여 왔던 PC통신, 인터넷 활용의 비중이 감소하고 있는 반면, 학교를 통한 비중은 크게 증가하고 있다. 넷째, 생존분석 결과, 1차 코호트에 비해 2차 코호트의 취업 소요기간은 단축되고 있으며, 전문대졸자의 취업 소요기간이 4년제 대학교 졸업자에 비해 짧은 것으로 나타났다. 특히 2차 코호트에서 전문대졸자와 4년제 졸업자 간의 취업 소요기간 격차는 더 커지고 있다. 다섯째, 대학생들의 취업준비 경험의 경우 2차 코호트에서 구직기간을 줄이는 데 더 효과적이었던 반면, 직업훈련과 아르바이트 경험은 1차 코호트에서 더 효과적인 것으로 나타나고 있다. 분석결과를 종합하면, 1차 코호트 대학생들이 졸업하는 시점인 외환위기 직후의 노동시장 상황이 2차 코호트 대학생들이 처한 국제금융위기 상황보다 더 어려웠으며, 또한 대학이나 고용지원기관의 취업준비 프로그램이 체계화되고 확산되면서 대학생들이 이들 프로그램을 적극적으로 활용하고 있음을 시사한다. 이를 토대로 본 연구는 청년의 직업탐색 행태의 변화에 따라 노동시장 성과가 달라지는 점을 고려하여 세대 맞춤형, 고용서비스, 일 경험, 교육훈련 등이 연계되는 패키지 정책이 확충되어야 함을 제언하였다. "
"글로벌 금융위기 이후 침체되었던 고용시장의 점진적인 개선의 이면에는 청년층의 실업률 증가, NEET족 증가, 취업준비기간 증가 등 다양한 질적 문제가 내포되어 있다. 특히 대학진학률이 70%에 육박하는 우리나라에서 대졸 청년의 짧아진 근속기간은 개인, 기업, 사회적 손실과 연결되는 사회적 문제로 떠오르고 있다. 대졸 청년들이 회사를 그만두는 주요 원인으로 직장에 대한 불만족이 높은 비중을 차지하는 것으로 나타났다. 따라서, 본 연구에서는 직장만족도를 제고시키는 예측 변인 중 직업가치에 주목하여 취업 전 직업가치 중요도와 취업 후 직업가치 만족도가 개별적으로 직장만족도에 어떠한 영향을 미치는지 탐색하였다. 이를 위해 대졸자 직업이동경로조사(GOMS) 2013년도 패널 자료를 활용하여 위계적 회귀분석을 실시하였다. 분석 결과, 취업 전 직업가치 중요도의 세부 요인은 자신의 적성·흥미, 근무환경, 일자리에 대한 사회적 평판, 업무량, 복리후생, 전공분야와의 관련성, 직장(고용) 안정성, 업무내용의 난이도, 회사규모 등의 순으로 직장만족도에 주요한 영향을 미치며, 20.4%의 설명력과 medium to large effect size의 실질적 유의성이 있는 것으로 나타났다. 취업 후 직업가치 만족도의 세부 요인은 자신의 적성·흥미의 일치, 임금 또는 소득, 일하는 시간(근로시간, 근무일수), 근무환경(시설, 안전, 위생상태 등), 개인의 발전가능성, 하고 있는 일의 자율성과 권한, 인사체계(승진제도), 고용의 안정성 등의 순으로 직장만족도에 주요한 영향을 미치며, 53.5%의 설명력과 large effect size 이상의 실질적 유의성이 있는 것으로 나타났다. 이러한 분석 결과를 토대로 개인 및 교육기관의 진로 및 취업에 대한 제언을 제시하고, 나아가 조직 및 국가 정책에 대한 시사점을 도출하였다."
"본 연구는 2018년 2월에 공개된 한국고용정보원의 대졸자 직업이동 경로조사(2015GOMS) 자료를 활용하여 대학 재학 중 노동경험과 열정페이가 노동시장 성과에 미치는 영향을 분석하였다. 노동시장 성과는 양적인 측면(취업 여부)과 질적인 측면(정규직 취업 여부, 대기업 취업 여부, 임금수준)으로 구분하여 분석하였으며, 그 결과는 다음과 같다. 첫째, 재학 중 노동경험과 열정페이 경험은 지방대학과 비교하면 서울권과 경기권 대학의 비중이 높았으며, 특히 열정페이 경험은 서울권의 여성 비중이 상대적으로 높게 나타났다. 둘째, 대학 재학 중 노동경험이 있는 청년이 그렇지 않는 경우보다 취업률과 대기업 취업률이 높았다. 셋째, 열정페이 경험이 있을수록 취업률, 정규직 취업률, 월 평균임금이 낮게 나타났다. 이러한 분석결과는 대학재학 중 노동경험이 졸업 이후 노동시장 성과에 긍정적인 영향을 줄 수 있음을 의미하지만, 열정페이 경험은 부정적인 영향을 줄 수도 있음을 시사한다. 따라서 대학청년층의 발전적 노동시장으로의 이행을 위해서는 양적인 노동경험보다는 질적으로 충실한 노동경험이 이루어지도록 하는 정책이 필요하다. "
"청년 니트 문제는 청년고용과 같은 보다 심각하고 확실하게 보이는 다른 이슈들에 밀려 있었지만, 이미 노동시장이나 고용시장의 어려움이라는 사회구조적인 다양한 원인에 의해 증가한 청년 니트의 수는 간과할 수 없을 만큼 크게 확대되었다. 따라서 이 연구는 청년 니트에 대한 실제적인 해결책을 심층적으로 파악하기 위해 델파이조사를 시도하고자 한다. 정책 델파이 조사 참여자는 HRD, 성인교육, 노동경제학 등에서 청년 니트와 관련된 연구 및 정책을 추진한 경험이 있는 전문가들로 구성되었으며, 수집된 자료는 분석을 거쳐 정책 방안 목록을 개발하는데 활용되었고 정책 방안에 대한 실행가능도와 중요도를 통해 최우선순위와 차 순위정책 방안을 도출하였다.
연구결과, 우선적으로 필요한 정책은 취업 정보 제공, 구직 기술 습득 지원, 일자리 창출과 같이 직접적인 취업 지원과 함께 자신감 회복이나 대인관계 능력 증진과 같은 기초 인성프로그램이었다. 또한 청년 니트에게 직업 세계 이행 이전에 앞으로의 진로 계획을 알맞게 수립할 수 있기 위해서는 노동시장의 현실을 체험할 수 있는 정책에 대한 필요성이 함께 제기되었다. 이와 함께 노동시장의 진입에서 성공적으로 안착하지 못하는 청년 니트들에게는 직업세계로 이행하기 이전인 진로교육에 대한 정책수립이 우선적으로 강화되어야 할 것이다. "
"비취학 청년들의 고용 및 고용유지율이 높지 않은 일기반 학습 프로그램인 청년인턴제의 성공전략, 더 나아가 한국 일기반 학습 프로그램의 근본적인 개선방안을 모색하기 위해 본 연구에서는 한국과 영국의 일기반 학습 프로그램을 비교분석하였다. 분석결과, 청년인턴제를 성공적으로 운영하기 위해서는 교과과정이 산업수요를 반영하고 그 훈련이 해당 사업장에서 통용될 수 있도록 산업별 직무기준에 기반해서 표준화하는 한편 직무능력을 보장하기 위해 국가자격증과 연계되어야 할 것이다. 동시에 참여기업과 훈련생들을 효과적으로 모니터, 관리, 평가하기 위한 운영체계도 효율적으로 구축하여야 할 것이다. 그러나 이러한 전략만으로 취약 대상의 직무능력 향상과 신성장산업 영역에서 미래 우수인력 양성이라는 목적을 추진하는데 한계가 있기에, 본 연구에서는 영국과 같이 연수, 도제, 계속교육 유형을 도입하여 비취학 청년들의 다양한 학력 수준에 맞게 단계별 일기반 학습 과정으로 구조화하고 체계화하는 개혁이 필요함을 시사해주고 있다"
" 새로운 사회적 위험으로 아동 돌봄, 청년 실업, 노인 빈곤에 대한 사회보장 전략을 모색하고자 수행되었다. 사회보장 전략 수립을 위한 의사결정 요소는 Gilbert와 Terrell의 산물분석틀의 내용(할당체계, 급여체계, 전달체계, 재정체계)을 토대로 하였으며, 의사결정기법인 계층화분석(AHP: Analytic Hierarchy Process)을 사용하여 전문가의 의견을 조사하였다. 연구 결과 위험의 특성과 대상의 차이에도 불구하고 기본적으로 제도의 보편성이 중요하게 인식되고 있었으며, 위험의 특성을 고려하여 현금, 이용권, 서비스 등이 중요한 급여 형태로 인식되고 있었다. 또한 전달에 대한 책임이 공공부문에 높게 요구되고 있었으며, 재정 마련에 있어서도 조세에 대한 상대적 중요도가 매우 높게 나타났다. 위험별 주요 결과를 살펴보면 공통적으로 귀속적욕구에 기반한 대상 선정과 공공부문혼합이 가장 적합한 전달체계로 조사되었다. 급여와 재정체계에서는 다소 차이가 나타났는데, 아동 돌봄의 경우 돌봄 서비스의 제공 및 서비스 이용을 위한 이용권 지급이, 청년실업의 경우 청년 고용 촉진을 위한 기회 및 이용권 지급, 그리고 노인 빈곤의 경우 현금 지급 및 서비스 제공이 주요한 급여 형태로 나타났다. 재정 마련에 있어서는 아동돌봄과 청년실업의 경우 일반조세와 조세지출이 적합한 재정 마련방안으로 나타났으며, 청년실업의 경우 다른 위험 유형에 비해 기업의 기부가 가지는 상대적 중요도가 높게 나타났다. 노인 빈곤의 경우 일반조세와 사회보험이 적합한 재정 마련방안으로 나타났다. 분석결과에 대한 논의와 정책 현황을 종합적으로 고려하여 아동 돌봄, 청년 실업, 노인 빈곤에 대한 사회보장의 전략을 제언하였다. "
"본 연구는 2001～2015년 기간 동안 우리나라 16개 시도의 패널자료를 활용하여 세입분권이 청년고용에 미치는 영향을 실증적으로 분석한다. 이와 같은 분석을 위해 청년 고용에 영향을 미칠 수 있는 산업구조와 무역개방도 등과 같은 거시경제변수들을 통제하는 청년 고용함수를 설정한다. 또한 세입분권과 청년고용과의 관계를 살펴보기 위해 세입분권 변수로 재정자립도와 재정자주도를 활용한다분석 결과, 재정자립도는 청년고용에 긍정적인 영향을 미치는 반면 재정자주도가 청년고용에 미치는 영향은 통계적으로 유의하지 않은 것으로 나타났다. 또한 총요소생산성의 변화는 청년고용을 증가시키는 것으로 나타났다. 이와 함께 임금의 상승은 청년고용을 크게 감소시키는 것으로 나타났다. 그리고 무역개방도의 확대가 청년고용을 감소시키는 것으로 나타났다.
이와 같은 분석 결과는 재정자립도의 확대가 재정자주도보다는 지역별 청년 고용을 증가시키는데 더 효율적이기 때문에, 이전재원인 지방교부세보다는 자체세입인 지방세를 확대하는 세입분권을 강화시킬 필요성이 있음을 보여준다. 이와 함께 임금 상승은 청년 일자리를 창출하는데 있어 부정적인 영향을 미치므로 최저임금 상승 속도를 늦출 필요성이 있다. 무역개방 역시 국내 청년 고용을 감소시키는 요인으로 작용하고 있으므로, 무역개방이 지니는 이와 같은 부작용을 최소화하기 위한 방안을 마련할 필요성이 있다. "
"본 연구의 목적은 영남권 취업자의 일자리 만족도에 영향을 미치는 요인을 분석하는 것이다. 이를 위해 한국고용정보원에서 제공하는 ‘청년패널조사(Youth Panel)’를 주된 분석 자료로 사용하였다. 본 연구에서는 영남권 취업자인 1,159명을 분석에 활용하였다. 분석결과, 첫째, 영남권 취업자의 근로조건은 일자리 만족도에 영향을 미치는 것으로 나타났다. 둘째, 영남권 취업자의 근로조건과 일자리 만족도 간의 관계에서 미스매치로 인하여 이들의 관계는 변화하는 것으로 나타났다. 본 연구는 영남권 취업자의 근로조건과 미스매치, 일자리 만족도 간의 관계를 검증함으로써 지역사회 취업자의 일자리 만족도를 향상시키는 방안을 제시하였다는 점에서 의의가 있다. 또한, 본 연구결과를 통하여 정부 및 지방자치단체, 기업, 지역사회 대학이 미스매치 수준을 향상시키기 위한 정책과 프로그램이 필요하다는 것을 제시하였다. "
"최근 ‘일자리정책 5년 로드맵’에 대한 정책평가와 청년층 체감실업률로 인해 정부는 일자리창출과 고용정책을 최대 중점 과제로 안고 있다. 본 연구는 정부 재정사업의 한 축에 있는 도입 4년차 ‘일학습병행제’ 의 경제적 성과를 살펴보고 주요 쟁점에 대한 시사점을 제시하고자 하였다.
기업 측면에서 횡단 참여기업과 종단 참여기업에 대한 비용편익분석을 실시하였다. 횡단 참여기업의 경우, 2013년(5차) 2945.96백만원, 2015년(6차) -37250.12백만원, 2017년(7차) 2463.64백만원으로 2015년(6차)에 마이너스 편익에서 2017년(7차)에 들어서면서 순편익이 발생하였다. 편익/비용비율(B/C)은, 일학습병행제 도입 전 1.19,정(+), 2015년(6차) 0.35로 부(-)적인 영향이 있었고, 2017년(7차)도는 1.08로 B/C≥1로 나타났다. 종단 참여기업의 경우, 일학습병행제 2년차인 2015년(6차) 199.55 백만원으로 시행 전보다 약 54.77% 감소세를 보이다 4년차 2017년(7차) 6226.68 백 만원으로 약 31% 증가한 순편익이 발생하였다. 편익/비용비율(B/C)은, 일학습병행제 도입 전 5.36, 2015년(6차) 1.01, 2017년(7차) 2.63으로 정(+)적인 영향이 있었고, 2015(6차)년도와 2017년(7차)도 각각 1.01 B/C≥1, 2.63 B/C≥1, 로 나타나 일학습병행제가 실효성 있는 청년일자리정책임을 확인하였다.
본 연구 결과에 의한 학문적 시사점과 실무적 시사점은 다음과 같다. 첫째, 학문적 측면에서 John Dewey의 경험이론과 Dawis & Lofquist 직업적응이론을 통해 일학습병행제의 도입취지와 목적에 부합한 이론적 근간을 논하였다는 것이다. ‘고용대란’인 현 시점에서 이론적 도입에 따른 일자리정책의 장기적 대안으로 일학습병행제의 산ㆍ학ㆍ연의 이해를 불러일으킬 수 있는데 의의를 두고자 한다. 둘째, 실무적 측면에서 기업은 일학습병행제를 HR(Human Resources)제도로써 정착시켜야 한다는 것이다. 학습근로자에게 맞는 교육프로그램을 통한 인적개발과 훈련성과에 따른 내부평가나 승진과 보상, 자격인증, 학위연계 등 인적관리 체계가 정착할 때 장기근속, 이직자 감소에 기여할 수 있고, 중소기업 기피현상이나 중도 탈락하는 문제를 근본적으로 해결할 수 있다고 본다. 셋째, 정부는 평생직업교육체제로써 뒷받침을 마련하여야 한다는 것이다. 세계적인 추세에 따라 국가차원에서 제도화하고 있기 때문에 일학습병행제 역시 평생직업교육체제로써 다양한 민족과 계층을 위한 교육화를 마련하여 사각지대가 없이 시기별로 구획되지 않는 연속적 형태의 평생교육을 제도적으로 안착시켜야 한다. "
"본 연구의 목적은 한국과 스웨덴의 장애인 고용현황, 관련 정책과 서비스를 비교하여 살펴봄으로써 국내 장애인 고용정책의 대안을 모색하는 것이다. 스웨덴의 분석자료는 유럽 장애 전문가 학술 네트워크의 보고서와 스웨덴 고용노동센터의 발간물을 참고하였으며, 한국자료는 장애인고용공단 고용개발원의 발간보고서와 통계청의 경제활동인구조사 자료, 그리고 한국보건사회연구원의 2014년 장애인실태조사 원자료를 분석하였다. 비교 결과 스웨덴 고용률의 성별간 균형, 스웨덴의 저연령층의 높은 고용률, 장애인 고용서비스의 공급과 이용 규모, 청년층에 대한 고려와 정책적 지향, 한국 장애인 고용률의 성별 불균형 등이 두드러졌다. 본 연구에서는 이를 토대로 장애인의 고용률에 영향을 미치는 사회정책 뿐 아니라 사회 문화적 맥락의 중요성을 제시하였다. "
본 연구의 목적은 전남지역 대졸 청년여성의 지역노동시장 경험에 대한 세분화된 연구를 통해 청년여성의 지역노동시장정착에 대한 정책적 시사점을 제공하는데 있다. 이를 위해 그동안 구체적인 사례연구가 부족했던 전라남도 대졸 청년여성들을 대상으로 지역노동시장에서의 노동이동경험을 분석하였다. 본 연구에서는 청년여성들의 노동이동을 경력내 이동과 경력간 이동으로 구분하여 노동이동의 원인을 확인하였다. 사례분석 결과 지역노동시장에 진입은 하였으나 평생경력을 찾지 못한 채 산업과 업종을 변경하면서 일자리를 탐색하는 경력간 이동이 경력내 이동 보다 더 많이 나타났다. 노동이동 원인은 취업준비과정에서의 문제점과 고용조건 및 환경요인으로 구분하였는데 경력간 이동은 경력내 이동에 비해 보다 더 다양한 요인들을 포함했다. 특히 경력간 이동에서는 취업준비과정에서의 문제점이 노동이동의 원인으로 부각되었다. 한편 경력내 이동의 경우 고용기간 만료 등 고용여건 때문에 이직을 하게 되나 이직은 본인들의 기존경력이 유지되는 방식으로 나타났다. 경력내 이동유형의 사례에서는 경력유지에 대한 강한 욕구가 나타났으며 동시에 지역이동의 가능성 역시 높게 나타났다. 사례연구에 기반하여 본 연구에서는 경력매치를 위한 체계적인 진로지도체계 강화와 함께 지속적인 경력개발지원을 위한 경력관리시스템 구축 등을 정책적 과제로 제안하였다. 
"최근 노동시장의 유연성 확대와 단기적인 비용 절감이란 측면에서 비정규직 근로자가 확산되고 있으며, 정규직과 비정규직 근로자 간의 차별 문제가 큰 이슈가 되고 있다. 따라서 본 연구는 정규직/비정규직 근로자 여부와 직장만족도의 관계에 대해 실증적으로 분석하였다. 특히, 노동시장에 처음 참여하거나 상대적으로 경험이 적은 청년층의 경우 전체 연령층의 비정규직 문제와 다를 수 있기 때문에, 청년층을 연구 대상으로 선정하였다.
본 연구는 한국고용정보원에서 실시한 청년패널조사 데이터를 활용하였고, 취업자를 대상으로 2013년부터 2016년까지 총 16,293개의 표본을 선정하였다. 분석 결과, 정규직 근로자가 비정규직 근로자보다 직장만족도가 높게 나타나, 기존의 연구 결과들과 일치하였다. 그리고 최종학력, 필요한 기술수준, 전공 일치도에 대해 3개 집단으로 구분하여 분석하였는데, 최종학력, 필요한 기술수준, 전공 일치도가 낮은 집단은 정규직 근로자가 비정규직 근로자보다 직장만족도가 높게 나타난 반면, 최종학력, 필요한 기술수준, 전공 일치도가 높은 집단의 경우에는 정규직/비정규직 여부가 직장만족도에 영향을 미치지 않았다.
본 연구는 정규직/비정규직 근로자 여부와 직장만족도의 관계에 대해 집단별 차이를 비교하였다는 점에서 의의가 있으며, 비정규직 문제를 해결하기 위한 정책을 마련하는 데 기초자료로 활용할 수 있을 것이다. "
"본 연구는 정부의 다양한 정책 유형과 창업기업의 성과 간의 영향관계를 실증함으로써 혁신과 고성장 창업을 촉진할 수 있는 정부 지원정책의 방향성을 점검한다. 이를 위해 국내창업 생태계의 특성과 정책이슈를 전반적으로 점검하고, 최근 6년간 정부지원을 받은 창업기업을 대상으로 각 정책 유형이 매출과 고용성과에 미치는 영향력을 분석했다. 패널 회귀모형을 통해 분석한 결과 ‘지원 수단’ 중에서는 ‘기술개발’과 ‘사업화’ 지원, ‘창업교육’, ‘창업자금융자’ 등 창업기업의 역량을 높이는 주는 사업이 창업기업의 성과 증진에 기여한 것으로 나타났다. ‘지원 대상’의 관점에서는 ‘청년’, ‘시니어’ 그리고 ‘재 창업’ 지원이 창업기업성과에 유의미한 영향을 미쳐 맞춤형 지원의 실효성을 확인할 수 있었다. 마지막으로 ‘지원방식’ 특화에서는 창업기업의 정책수요를 종합적으로 고려한 ‘패키지 지원’의 효과를 확인했다. 본 연구는 창업의 경제적 성과와 사회적 성과를 종합적으로 고찰했다는 데에 그 의의가 있다. "
"본 연구는 현재 노동시장 진입에 어려움을 겪고 있는 청년층의 고용 현황을 분석하고 지역적 차원에서 청년층의 고용 증진 전략을 제언하는 데 목적을 두고 있다. 특히 본 연구는 노동시장을 국가 단위가 아닌 지역 단위에서 살펴보는 데 주안점을 두고 있다. 따라서 지역 차원에서의 청년층 고용 증진에 대해서 분석을 수행한다. 특히 지역의 산업구조가 다르다는 점에 주목하여 지역 노동시장의 산업구조를 분석모형에 포함하고자 하였다. 본 연구에서는 고용에 대한 개별 청년의 특성과 지역의 산업구조 특성을 동시에 반영하기 위하여 다층 로짓모형을 적용하였다. 본 연구에서는 통계청에서 제공하는 2010년, 2015년 인구주택총조사 2% 표본자료를 활용하였으며, 공간 특성에 따라 도시와 농촌으로 구분하여 연구를 진행하였다. 본 연구의 분석결과, 청년층 중 낮은 연령층과 성별이 여성인 경우 등 노동시장에서 불리한 위치에 있는 경우 고용확률이 상대적으로 낮은 것으로 드러났다. 지역특성 변인 중 산업 간 다양성 지수의 분석결과 도시 지역은 청년 고용 확률에 정(+)의 영향관계를, 농촌 지역은 부(-)의 영향관계를 보이는 것으로 분석되었다. 분석결과에 근거하면 도시 지역의 경우에는 산업의 다양화를 도모하는 것이 타당한 전략적 접근방법으로 드러났으며, 농촌 지역의 경우에는 특정 산업을 중심으로 청년 고용 확대를 유도하는 것이 적합한 것으로 분석되었다. 한편 다층 로짓모형에서 지역 간 고용 차이를 살펴보기 위해 통제한 임의효과 모형에서 산업군에 따라 지역 간 차이가 나타나는 것을 확인하여 지역 간 차별적인 청년 고용 정책이 마련될 필요가 있음을 확인하였다. 본 연구는 청년고용 증진 정책에 대해 제언하였으며, 향후 지역별 청년고용 정책의 정책적 근거자료로 활용될 것으로 기대된다. "
"오늘날 일자리와 소득 창출은 중앙정부뿐만 아니라 지방자치단체의 최대 정책 관심사로 떠오르고 있다. 본 연구는 경상남도 지역산업지원사업을 사례로 기업에 대한 정부지원 프로그램 가운데 어떤 프로그램이 양질의 일자리 창출에 유의한 영향을 미치며 나아가 청년층을 위한 신규 일자리 창출에도 유의한 지를 분석해 보았다. 분석 결과 기술개발지원과 애로기술지원 그리고 사업화지원 등이 고용창출에 긍정적 영향을 미치는 것으로 나타났다. 이에 반해 인력양성지원이나 기반구축지원, 여러 사업을 함께 묶은 패키지지원 등은 고용에 유의한 영향을 미치지 못하거나 영향이 제한적인 것을 알 수 있다. 지원업종별 정책영향의 분석결과를 보면 지역의 미래유망업종이나 전통제조업분야 기업보다는 주력산업분야 기업에 대한 기술개발지원과 애로기술지원 그리고 사업화지원이 고용창출에 보다 효과적임을 알 수 있다. "
"본 연구의 목적은 직업만족도의 유형을 분류하고, 청년고용정책 참여여부가 직업만족도 잠재계층 분류에 미치는 인과적 효과를 검증하는 것이다. 이를 위해 경향점수의 역가중치를 고려한 잠재계층분석을 실시하였다. 대졸자를 대상으로 분석한 결과, 직장만족도의 잠재계층은 고수준 집단과 저수준 집단으로 분류되었다. 고수준 집단은 대체로 높은 직업만족도를 보였지만, 임금과 인사체계에 대한 만족감이 상대적으로 낮았다. 저수준 집단은 고수준 집단에 비해 전체적으로 직업만족도가 낮게 형성되었으며, 임금과 인사체계, 개인의 발전가능성에 대한 만족감이 낮게 나타났다. 인과추정 결과, 창업 프로그램에 참여한 경우는 긍정적인 효과가 있었던 반면, 내일배움카드제와 취업성공패키지 참여는 부정적 효과가 나타났다. 본 연구의 결과를 통해 단순히 재정적 지원을 해주는 정책보다는 명확한 사업목표에 기초하여 종합적으로 취업을 돕는 정책이 직업만족도에 긍정적임을 밝혔다. 잠재계층분류에 인과추정을 가능하게 하여 방법론적으로도 의의가 있다. "
"청년 실업률이 최악의 수준에 이르고 있고, 전 세계적으로는 4차 산업혁명 시대로 인해 일자리에 대한 위협이 도래될 것을 암시하고 있다. 그래서 정부가 독립부처로 중소벤처기업부를 승격시키고, 4차 산업혁명 시대의 주요한 정책방향으로 기술창업에 대한 중요성을 언급하면서 관심과 기대가 모아지고 있다. 급선무는 기술창업의 성과를 높일 수 있는 방안을 모색해서 고용문제를 해결하는 것이다. Creating Innovator 저자 토니와그너는 미래성장 동력은 혁신에 있고, 혁신적인 인재를 양성하는 것이 가장 중요 하다고 하였다.
본 연구는 기술창업 활성화 방안을 모색하기 위해 1년 이상 5년 이내의 기술창업을 한 창업가를 대상으로 실시하였다. 창업가 역량과 창업교육에 대한 선행연구를 토대로 기술창업 활성화 방안을 모색하여 혁신적이고 창의적인 융합적 인재 양성을 위한 시사점을 도출하고자 하였다. 연구방법으로 창업교육에 따른 조절효과 분석을 통해 회귀분석을 실시하였다. 실증분석을 통해 도출한 결과는 조금이나마 향후 4차 산업혁명 시대에 빚어지게 될 고용문제를 해결하는데 일조한다는 점에서 의미가 있다고 할 것이다. "
"본 연구는 최근 급증하고 있는 청년 1인가구에 주목하여 그들의 사회적 관계는 어떠한 상태인가를 분석하였다. 보다 정확한 데이터에 기반한 분석을 위하여 통계청의 ‘생활시간조사-함께한 사람’ 자료를 활용하여 청년들이 다른 사람과 함께 하는 시간, 혼자 하는 여가시간, 그리고 임금노동 시간의 실태와 각각의 시간에 영향을 미치는 요인을 규명하였다. 분석결과는 다음과 같다. 첫째, 청년 1인가구가 다른 사람과 함께 있는 시간은 하루에 약 74분으로, 이는 다른 유형의 가구보다 55~60% 수준이며, 시간량 측면에서 50~60분 정도 짧다. 둘째, 청년 1인가구 중에서 사회적 관계 시간이 가장 긴 집단은 여성이면서, 20세부터 24세까지 후기 청소년시기에 있고 학교에 다니거나 비근로상태인 경우로 나타났다. 셋째, 사회적 관계 시간에 영향을 미치는 요인 분석 결과, 여성이면서 월평균 개인소득이 300만원 이상의 고소득일 때 사회적관계 시간이 증가한 반면, 종사상의 지위가 상용직이거나 직업이 관리전문직, 기능장치조립직에 있을 때 사회적 관계 시간의 감소폭이 컸다. 한편, 상용직이면서 직종이 서비스판매직일 때 임금노동시간의 증가폭이 가장 컸고, 남성이면서 월평균 소득이 300만원 이상일 때 임금노동시간이 증가하였다. 특히 청년1인가구의 고소득상태는 임금노동과 사회적 관계 시간을 동시에 증가시키는 요인으로 나타났다. 이상의 연구 결과를 토대로 본 연구는 청년지원 정책이 주거와 고용에 국한된 것이 아니라 범위가 확대되어야 하고, 이 과정에서 청년의 사회적 관계망을 형성하는 새로운 사회안전망 구축을 제안하였다. 또한 지금까지 사회복지현장에서 부각되지 않았던 청년을 대상으로 한 실천적 개입의 필요성을 제안하였다. "
"본 연구에서는 OECD 17개 국가를 대상으로, 청년 니트 비율을 높게 만드는 사회경제적인 요인들이 무엇인지 그리고 어떠한 요인들이 결합해 높은 청년니트 비율을 만들어 내는지를 퍼지셋 질적 비교분석방법을 통해 분석하였다. 필요조건과 충분조건 분석을 통해 니트 비율에 영향을 미치는 요인을 분석해 본 결과, 경제성장률, 제조업 비중, 정규직 고용보호 수준, 적극적 노동시장정책이 필요조건과 충분조건 검정을 모두 통과하여, 높은 니트 비율을 설명하는 중요한 요인으로 분석되었다. 높은 청년니트를 야기하는 결합요인은 크게 세 가지로 요약될 수 있는데, 고용보호수준이 높으면서 적극적 노동시장정책에 대한 지출이 낮을 때, 제조업의 비중이 낮고, 적극적 노동시장정책에 대한 지출이 낮을 때, 그리고 경제성장률이 낮으면서 고용보호 수준이 높을 때이다."
"본 연구는 대학 졸업 후 신규로 노동시장에 진입하는 청년들을 대상으로 정부에서 시행하는 중소기업 청년인턴제와 공공기관 청년인턴제의 효과성 평가를 실시하고자 하였다. 분석을 위해 청년인턴제 참여여부를 기준으로 성향점수매칭을 활용하여 실험집단과 실험집단을 선정하고 로지스틱 분석을 활용하였다. 분석결과 중소기업과 공공기관 청년인턴제 모두 첫 직장 취업여부에 긍정적인 영향을 미치는 것으로 나타났으나 첫 직장 취업형태와 만족도에는 효과가 없는 것으로 나타났다. 특히, 공공기관 청년인턴제에 참여하는 경우 일용･임시직으로 연결되는 것을 확인하였다. 이러한 분석결과는 중소기업에 취업하는 청년층의 직장 만족도를 높일 수 있는 방안이 마련될 필요가 있으며, 공공기관의 청년인턴제가 체험형 중심에서 채용형 중심으로 변화하여 청년인턴제가 정규직 취업의 연결통로 역할을 할 수 있도록 개선될 필요성을 시사한다. "
"그동안 청년실업 완화를 위한 정부의 임금보조금정책은 대부분 기업지원 방식으로 운영되어 왔다. 그 가운데 2016년부터 개인지원 방식의 청년내일채움공제(이하 청년공제)가 시행되고 있으며, 많은 사람들이 동 사업이 청년고용에 미칠 긍정적 효과를 기대하고 있다.
한편 청년공제의 도입 이후 두 차례에 걸쳐 지원수준이 변경된 가운데 동 사업의 타당성 및 실효성에 대해 적잖은 논란이 일고 있다. 이에 본 연구에서는 청년공제의 성과제고와 관련하여 동 사업의 정책설계에서 고려해야 할 쟁점들을 심층적으로 진단하고, 그 내용에 기초하여 정책적 시사점을 도출하였다.
청년공제의 정책설계에서의 쟁점은 임금보조금에서 적용되는 성과기준인 효과성, 공정성을 고려하여 ① 효과성 측면에서 청년공제에 대한 성과관리, ② 개인형 청년공제의 도입 타당성 및 가능성, ③ 청년공제 지원규모 확대의 타당성, ④ 기타 청년공제에서의 이슈들의 4가지로 도출될 수 있다.
정부가 청년공제를 비롯하여 취업자를 대상으로 하는 임금지원 정책을 도입하고 추진하는 데 있어 중요하게 고려해야 할 점은 동 정책이 청년실업을 완화하는 데 있어 제한적인 역할을 하는 한시적 정책이 될 수밖에 없다는 것이다. 정부는 타당성과 실효성 제고를 위한 동 정책의 정밀한 설계 및 추진을 위해 노력하는 동시에 대-중견/중소기업 간 이중적 노동시장 문제를 해소하기 위해 전 사회적 구조개혁에 대한 논의를 조속히 진행할 필요가 있다."
"본 연구에서는 지역 간에 청년세대의 미래 자신감 격차가 발생하는지 경험적 분석을 통해 확인하고, 해당 격차의 원인을 설명하기 위해 격차 요인분해를 시도하였다. 아울러 청년층의 자신감 제고를 위한 정책적 전략 모색으로 고용정책프로그램의 참여와 심리정서 요인이 자신감에 미치는 영향을 검토하였다. 분석에는 노동패널조사 19차(2016년) 자료를 활용하였으며, 주요 분석방법으로 OLS다중회귀분석과 옥사카-랜섬의 격차 요인분해 방법을 이용하였다.주요 결과는 다음과 같다. 첫째, 특별광역시에 거주하는 청년들의 자신감이 도지역 거주 청년들의 자신감보다 유의미하게 높았다. 둘째, 이러한 격차는 청년층의 개인 및 가구특성에서 비롯되는 것이 아니라, 거주지역의 효과에서 발생하는 것이었다. 특히 청년층의 개인 및 가구특성 만으로 비교했을 경우, 오히려 도지역 청년들의 자신감이 높은 수준이어야 하는데, 지역사회의 영향이 이를 역전시키는 결과를 초래하였다. 마지막으로 청년들의 자신감 제고를 위한 정책적 접근 전략을 모색하기 위해 고용정책프로그램 참여와 자아존중감 및 사회적 지지의 영향을 분석한 결과, 자아존중감과 사회적 지지만이 유의미하게 긍정적 영향을 미치는 것으로 확인되었다. 이상의 결과들은 청년층의 자신감 제고에 개인적 특성과 가구특성 외에 지역사회 환경을 적극 고려한 정책적 접근이 필요하며, 청년층에 대한 물질적·기술적 지원 외에 심리적·정서적 지원이 요청됨을 시사한다. "
"창업을 선택하는 청년들은 증가하고 있으나 그 사업생존율이 낮아 안정적 고용을 담보할 수 없는 것이 현실이다. 더욱이 4차 산업혁명이 본격화되는 현 시점에서 생계형으로 머무르고 있는 청년창업의 잦은 실패는 사회적으로 많은 비용과 부작용을 낳고 있다. 이에 본 연구는 청년패널 7차(2013년)~9차(2015년)자료를 이용하여 20세~39세의 창업한 청년들의 사업생존에 미치는 영향을 일만족도 및 일적합도의 매개효과를 중심으로 분석하였다. 7차년도에 사업을 운영하는 청년들이 2년 후인 9차년도까지 사업을 유지하고 있는 비율은 63.8%에 불과하였다. 이러한 사업생존에 영향을 주는 요인을 구조모형으로 분석한 결과 창업준비행동 중 창업동기, 이전창업경험은 사업생존에 정적인 직접효과, 창업교육훈련은 사업생존에 부적인 직접효과를 미쳤다. 또한, 사회공헌, 자기발전, 장래성으로 구성된 내재적 일만족도는 창업준비행동(학력, 창업동기)과 사업생존과의 관계를 긍정적으로 매개하는 효과를 보였다. 이러한 연구결과는 청년창업가들에게 철저한 창업준비행동이 요구되며 실효성 있는 창업교육훈련 프로그램이 시급함을 시사한다. 더불어 청년창업가들의 사업생존에 내적 일만족도가 중요한 요소이므로 사회공헌과 자기발전에의 의지가 강한 청년창업가들에게 맞춤형 창업준비행동을 강화 및 지원하는 정책이 요구된다. 다양한 영역에서 혁신적 청년창업을 활성화하고, 창업동기와 내재적 만족도가 높은 청년 창업가들이 탄탄한 준비를 통해 사업을 지속성장해 나갈 수 있는 생태계 조성이 필요하다. "
"본 연구는 청년층의 주관적 계층인식의 동태적 변화 양상을 탐색하고, 청년층의 주관적 계층인식이 공정성 인식에 미치는 영향을 살펴본다. 이를 위해 한국노동패널조사의 12차∼19차년도 자료를 이용하여 성장혼합모형을 활용한 잠재계층분석, 일원분산분석, 순서형 로짓분석을 실시한다. 분석결과, 청년층의 주관적 계층인식이 동태적 변화 양상에 따라 5가지 유형으로 분류되고, 전반적으로 하향화 추세를 보이고 있음이 확인된다. 또한 주관적 계층인식은 연령, 부모와 동거여부, 결혼, 고용형태, 거주지역과 함께 공정성 인식에 영향을 미치는 주요 요인으로 작용하고 있으며, 계층인식의 동태적 변화가 공정성 인식에 대한 영향력을 강화시키고 있다고 분석된다. 이는 공정성 인식이 사회경제 지위 의존적이며, 계층인식의 하향화가 지속된다면 청년층의 공정성 인식이 악화될 수 있음을 의미한다. 특히 계층인식이 상대적으로 가장 낮고 하향 추세에 있는 청년의 경우 결혼, 고용, 주거 등 다차원의 불평등에 노출되어 있으며, 여타 유형의 청년보다 노력에 따른 보상을 더 부정적으로 인식하고 있음이 관측된다. 이는 분절화와 다양화가 확대되고 있는 청년층의 현실에 대한 심층 분석을 지속하고, 이를 토대로 사회적 배려와 정책적 노력을 강화할 필요가 있음을 시사한다. "
"본 연구는 한국의 청년층(20～40세)에서 비정규직 고용이 정규직 고용으로 이행하는 징검다리로 기능하는지, 아니면 비정규직에 머무르게 하는 덫으로 기능하는지를 확인하는 것을 목적으로, 비정규직 고용에서 정규직 고용으로의 이행확률을 추정하였다. 이를 위해서 고용형태를 정규직 고용, 비정규직 고용, 비임금근로, 미취업으로 구분하여 1년 전의 특정 고용형태에서 현재의 특정 고용형태로 이행할 확률을 모두 추정하였다. 분석자료로는 한국노동패널 12～19차(2009～2016년) 자료를 사용하였으며, 20～40세의 남녀를 분석대상으로 하였다. 이행확률의 일관된 추정을 위하여, 설명변수들과 상관관계를 가질 수 있는 시불변한 개인의 미관측 요인과, 미관측 요인 간의 상관관계를 고려한 동태적 모델을 사용하였다. 분석결과, 여성과 남성 모두에서 1년 전 비정규직에서 현재 정규직과 비정규직으로의 이행확률의 상대비율은 1년 전 미취업에서 현재 정규직과 비정규직으로의 이행확률의 상대비율보다 상당히 작게 나타났다. 따라서 여성과 남성 모두에서 비정규직은 정규직으로 이행하지 못하고 비정규직 노동시장에 머무르게 하는 덫으로 주로 기능하는 것으로 나타났다. "
"청년고용은 국가경쟁력 향상 및 지속을 위해 매우 중요한 사안이지만 최근 한국의 청년실업 문제는 해소될 기미를 보이지 않는다. 본 논문은 청년실업자 중에서도 특히 위기상황에 놓여있는 취약 청소년ㆍ청년의 실업문제가 심각하다는 문제의식을 바탕으로 청소년ㆍ청년의 직업역량 현황을 파악해보고 이를 바탕으로 취약 청소년ㆍ청년의 자립을 위한 취업 지원 정책 방향에 대해 모색해보고자 수행되었다. 이에 본고는 청소년ㆍ청년의 자립의지와 진로ㆍ직업역량, 학업관리, 취업태도 등을 조사하여 분석하였다. 분석을 위해 2017년 경기도 소재 대학교 재학생 및 청소년수련관 이용 청소년을 대상으로 수집된 340부의 설문 자료를 사용하였다. 연구결과, 청소년·청년의 근로욕구는 높았으나 실제적으로 역량을 강화하기 위해 스스로 계획하고 실천하는 비율은 낮았으며 부모의 경제적 수준이 청소년ㆍ청년의 진로·직업역량과 학업관리와 상관관계를 가지고 있음이 나타났다. 이를 토대로 본고는 역량강화교육의 적극적 도입, 직업교육훈련의 접근성 및 효과성 제고, 취약 청소년·청년을 위한 맞춤형 역량강화 프로그램 개발 등을 제안하였다. "
"한국의 청년실업률은 9.9%로 전체 실업률 3.7% 보다 매우 높은 가운데 고용노동부 종합취업지원사업인 취업성공패키지가 도입 10년차를 맞고 있다. 본 연구의 목적은 이러한 고용위기 상황에서 2018년 내실화 시기를 맞고 있는 취업성공패키지 사업의 시기별 변천과정의 특징과 단계별 특성 비교분석, 사업개선안과 한계점 등을 조명하는 데 초점을 두고 있다.
취업성공패키지 정책의 시기별 특징을 분석하면 다음과 같이 요약할 수 있다. 먼저 도입기(2009~2011)는 저소득 취약계층의 일을 통한 탈빈곤 지원을 위해 도입되었지만 홍보부족으로 참여인원이 목표에 미달한 채, 모집과 참여, 효과가 미약한 것으로 분석됐다. 확장기(2012~ 2014)는 취업성공패키지 Ⅱ유형을 신설하여 취업에 난항을 겪는 청년층과 최저생계비 250% 이하 중장년층도 사업대상으로 포함시키는 등 전반적으로 사업 확대에 주력한 시기로 분석됐다. 발전기(2015~2017)는 보건복지부가 운영하던 희망리본사업을 통합하여 취업성공패키지가 국내 유일의 저소득층 대상 종합고용서비스 프로그램으로 출발하는 가운데 본 사업이 고용과 복지를 연계하는 종합 모델로 발전하는 계기를 마련하는 시기로 분석되고 있다. 내실화기(2018~ )는 취업성공패키지 사업이 양적 발전을 넘어 질적인 도약을 꾀하는 충실화 시기로 압축된다. 그동안 취업성공패키지 사업의 양적 급성장과정에서 미약했던 취업지원서비스의 내용적인 측면이 적지않은 한계점을 노출시킨 만큼 이 시기에는 패키지 단계별 서비스 내용을 업그레이드 시키는 충실화 작업에 주안점을 둔 것으로 파악된다.
본 논문은 취업성공패키지 사업의 전개과정을 라이프사이클화 시켜 시기별로 특징을 조명했을 뿐만 아니라 변천과정 단계별로 그 특징을 비교분석하여 한계점과 개선안, 시사점 등을 종합적으로 도출했다는 측면에서 연구의 의의를 들수 있다. 이는 향후 전개될 취업성공패키지 사업의 선진 운영방향에 필요한 유용한 정보를 체계적으로 제공해줄 수 있기 때문이다. 하지만 취업성공패키지에 대한 유형별 기능적인 완전한 차별성과 참여자들에 대한 질적 욕구에 대한 만족도 제고 그리고 지자체 프로그램과 연계 및 내실화 차원에서 야기되는 인프라 구축의 취약성과 취업일자리 질제고 문제 등은 향후 극복해야할 한계점이자, 시사점으로 본 사업이 지속적으로 해결해야할 중요한 개선과제로 남겨지고 있다. "
"본 연구는 4년제 대학을 졸업한 여성을 대상으로 그들의 혼인시점과 관련된 요인들, 그 중에서도 특히, 학자금 대출액(부채)의 영향을 살피는 것을 목적으로 하고 있다. 이를 위해 한국직업능력개발원의 「한국교육고용패널조사(KEEP)」를 이용하여 4년제 대학을 졸업한 여학생을 대상으로 이들의 학자금 대출 실태를 살피고, 학자금 대출이 졸업 후 혼인이행 과정에 어떠한 연관성이 있는지를 실증적으로 살펴보았다. 분석결과들을 종합해 볼 때 4년제 대학을 졸업한 여학생들에게 혼인에 대한 연령규범(또는 만혼에 대한 부담)이 일정부분 존재하여 지연된 졸업기간 만큼 혼인을 서두를 가능성이 나타났으며, 무엇보다 양질의 일자리가 선행되어야 혼인이 활발해질 가능성이 높은 것으로 나타났다. 본 연구의 주된 관심인 학자금 대출과 관련해서는 다른 조건들을 통제했을 때 학자금 대출 경험이 있을 경우 상대적으로 혼인이행 가능성이 낮았다. 또한 학자금 대출액이 많을수록 혼인이행 가능성이 낮게 나타나 학자금 대출이 혼인지연에 영향을 미칠 수 있음을 확인할 수 있었다. ‘N포 세대’로 대변되는 청년층의 어려움은 나날이 커져가고 이들에 대한 정책적 요구의 목소리도 높아지고 있지만 그와 같은 목소리에 비해 아직까지는 이들의 어려움에 대해 체계적이고, 분석적인 연구가 부족한 실정이다. 이러한 상황에서 본 연구는 청년층이 직면한 대표적인 어려움인 학자금 대출과 혼인을 연결하여 살펴보고, 향후 학자금 대출 및 청년들의 혼인이행을 둘러싼 정책발굴을 위한 참고자료를 제시하였다는 점에서 의미를 찾을 수 있다. "
"본 연구의 목적은 한국 청년 세대의 청년정책에 대한 복지태도에 영향을 미치는 요인을 확인하는 것이다. 분석결과, 한국 청년들의 72.1%가 청년의 자립지원에 대한 책임이 정부에 있다고 인식하고 있었고, 상당수 청년들이 청년지원정책(49.5%)과 일자리지원정책(59.7%)에 대한 지출이 현재수준보다 확대되어야 한다는 태도를 보였으며, 청년수당 제공에 대해서는 24.1%만이 찬성했다. 청년자립지원에 대한 정부책임, 일자리지원정책에 대한 지출확대에 대해서는 청년 내 집단별 인식 차이가 크지 않은 데 반해, 청년지원정책에 대한 지출확대와 특히 청년수당 지원에 대한 태도에서는 집단별 차이가 상당했다. 청년들은 연령대, 교육수준, 고용상태, 주거형태 등에 따라 상이한 정책 욕구와 인식을 보였다. 한국청년들은 대체로 우리사회가 불평등 하다고 인식했는데, 불평등인식수준이 높을수록 청년지원에 대한 욕구와 선호가 높았다. 따라서 향후 청년정책 수립 시, 청년들이 처한 구체적 삶의 현실과 청년 내부의 이질적 욕구 및 인식수준을 반영한 촘촘한 정책설계가 필요하다. "
"군대 5년 이상에서 10년 미만 복무한 중기복무자와 10년 이상 복무한 장기복무자 위주의 취업지원 정책 을 추진하고 있어서 상대적으로 단기복무자들에 대한 취업지원이 미약한 실정이며 특히, 국가적인 청년 실업문제와 연 계하여 단기복무장교들도 전역 후 심각한 취업난에 휩싸이고 있다. 이러한 문제는 초임장교의 약 80%에 해당하는 학군 과 학사사관후보생 획득에 심각한 영향을 미치고 있으며 이들은 대부분이 단기복무 후 전역하는 실정이기에 그에 대한 대책이 절실히 필요한 시점이다. 그러므로 이 연구에서는 단기복무장교를 위한 취업지원과 연관된 제도와 법령에 대한 정비소요를 도출하고 취업지원 제도와 전역 후 기업에서 요구하는 적합한 인재에 맞는 단기복무자의 군 복무 간 경력 관리 모델방안과 안정적인 일자리 확보계획을 제안함으로써 우수인력 획득을 통해 학군·학사장교 선발 경쟁비를 향상시 키고자 한다. 또한 이것이 결과적으로 군(軍) 전투력 발전으로 기여할 것이다. "
"장기적인 경기 침체와 일자리 양극화 현상 등으로 인한 청년의 실업이 사회적 문제로 대두되고 있다. 이러한 현실에서, 현 정부는 계속적으로 늘어나는 실업률을 줄이기 위한 핵심적 대안으로 창업에 주목하고 있다. 창업은 창의성과 혁신을 통해 새로운 가치를 창출한다는 사회적 의미와 새로운 일자리를 통해 경제의 선순환에 기여한다는 경제적 의미가 있다. 또한 개인적 측면에서 창업은 스스로 일자리를 창출한다는데 큰 의미가 있다. 하지만, 정부의 창업지원 정책에도 불구하고, 우리나라 창업 생존율은 OECD 주요 국가들에 비해 현저히 낮은 수준이다. 또한, 그동안 창업관련 많은 연구가 진행되어 왔음에도 불구하고, 현재 대학생들의 창업 성공률 및 활성화 비율이 기대치와 달리 미흡한 것을 알 수 있다. 이러한 원인은 정책적 측면보다는 창업주체인 대학생의 심리적 요인이 중요한 변수임에도 불구하고, 기존의 창업과 관련된 연구는 주로 창업의도의 개인적 요인과 환경적 요인을 중심으로 수행되었으며, 심리적 요인(자기관, 창업 효능감)에 기초하여 창업의도에 미치는 영향 분석에는 미흡하였다.
따라서 본 연구는 창업효능감을 매개변수로 활용하여 대학생의 자기관이 창업의도에 미치는 영향을 연구 하였으며, 본 연구목적을 달성하기 위해, 광주지역에 소재한 대학교의 대학생 211명을 연구대상으로 분석하였으며, 연구결과는 다음과 같다. 첫째, 대학생의 ‘자기관(독립적 자기관, 상호의존적 자기관)’은 ‘창업효능감’에 긍정적(+) 영향을 주는 것으로 나타났다. 둘째, 대학생의 ‘창업효능감’은 ‘창업의도’에 긍정적(+) 영향을 미치는 것으로 나타났다. 셋째, 대학생의 ‘창업효능감’은 ‘자기관’과 ‘창업의도’의 관계에서 매개효과가 발생하는 것으로 나타났다. 넷째, 인구통계학적 특성(성별, 연령, 전공)에 따른 대학생의 ‘자기관’이 ‘창업효능감’에 미치는 영향은 차이가 발생하지 않았다. 다섯째, 인구통계학적 특성(성별, 연령, 전공)에 따라 대학생의 ‘창업효능감’이 ‘창업의도’에 미치는 영향은 차이가 발생하였으며, 여성보다는 남성이, 24세 이상보다는 23세 이하가, 전공별로는 문화예술계열이 높게 나타났다.
본 연구의 시사점은 창업이라는 사회 지향점을 목표로 추구하는 대학생들을 연구대상으로 하여, 독립적 자기관, 상호의존적 자기관이 각각 창업효능감에 미치는지 영향을 분석함으로써 개인의 내면적 심리변화에 영향을 주는 동기요인들과 접목을 통해 최종적으로 창업의도 형성과정을 파악했다는데 의의를 갖는다. "
"본 연구는 새로운 사회적 위험으로 아동 돌봄, 청년 실업, 노인 빈곤에 대한 사회보장 전략을 모색하고자 수행되었다. 사회보장 전략 수립을 위한 의사결정 요소는 Gilbert와 Terrell의 산물분석틀의 내용(할당체계, 급여체계, 전달체계, 재정체계)을 토대로 하였으며, 의사결정기법인 계층화분석(AHP: Analytic Hierarchy Process)을 사용하여 전문가의 의견을 조사하였다. 연구 결과 위험의 특성과 대상의 차이에도 불구하고 기본적으로 제도의 보편성이 중요하게 인식되고 있었으며, 위험의 특성을 고려하여 현금, 이용권, 서비스 등이 중요한 급여 형태로 인식되고 있었다. 또한 전달에 대한 책임이 공공부문에 높게 요구되고 있었으며, 재정 마련에 있어서도 조세에 대한 상대적 중요도가 매우 높게 나타났다. 위험별 주요 결과를 살펴보면 공통적으로 귀속적욕구에 기반한 대상 선정과 공공부문혼합이 가장적합한 전달체계로 조사되었다. 급여와 재정체계에서는 다소 차이가 나타났는데, 아동 돌봄의 경우 돌봄 서비스의 제공 및 서비스 이용을 위한 이용권 지급이, 청년실업의 경우 청년 고용 촉진을 위한 기회및 이용권 지급, 그리고 노인 빈곤의 경우 현금 지급 및 서비스 제공이 주요한 급여 형태로 나타났다.
재정 마련에 있어서는 아동돌봄과 청년실업의 경우 일반조세와 조세지출이 적합한 재정 마련방안으로나타났으며, 청년실업의 경우 다른 위험 유형에 비해 기업의 기부가 가지는 상대적 중요도가 높게 나타났다. 노인 빈곤의 경우 일반조세와 사회보험이 적합한 재정 마련방안으로 나타났다. 분석결과에 대한 논의와 정책 현황을 종합적으로 고려하여 아동 돌봄, 청년 실업, 노인 빈곤에 대한 사회보장의 전략을 제언하였다."
"청년실업과 고령취업의 증가, 베이비부머의 고령층 진입 본격화 등으로 연령세대별 일자리 분포에 상당한 변화가 나타나고 있다. 이에 본 연구는 수도권 청년층과 고령층 취업자를 대상으로 주요 산업별, 직업별 일자리 분포의 공간적 특성과 집중지역의 변화를 살펴보고, 이들 연령세대별 일자리 분포와 학력수준과의 연관성을 파악하였다. 또한 주요 일자리 분포 변화의 공간 마르코프 전이확률을 산출하여 향후 지역별 연령세대별 일자리 분포의 변동성을 예측하였다. 분석결과, 대졸 이상의 고학력 청년층과 고령층은 지식기반서비스업, 전문직과 강한 상관관계를 보이며 서울 디지털산업단지와 강남지역, 이와 인접한 경기남부일대를 중심으로 집중 분포하는 패턴이 관측되고, 향후 고령취업자 중 전문직 종사자의 분포확률은 소폭 증가할 것으로 예측된다. 반면, 고졸 학력의 청년층과 고령층 중 대졸 이상의 학력자에서 저숙련 일자리인 단순노무직과 연관성을 갖으며 분포하는 것으로 관측되고, 단순노무직에 종사하는 청년층과 고령층 취업자의 상위분포지역을 중심으로 향후 분포율이 증가할 것으로 추정된다. 학력수준과 일자리 숙련의 불일치를 감소하기 위해 연령세대별 맞춤식 일자리 제공이 필요할 것으로 보이며, 특히 인천지역과 서울서남부지역 산업단지의 생산관련 일자리 분포에서 고령취업자의 공간적 집중이 관측되므로 이들 지역은 청년층의 취업유도를 위한 제조업의 고도화 및 고졸인력 활용 정책 수립이 이뤄져야 할 것이다. "
"국내의 자영업자 수의 비중이 OECD 국가 기준으로 가장 높은 수준이다. 이러한 현상은 베이비 붐 세대의 본격적인 은퇴와 청년 실업자, 경력단절 여성들의 꾸준한 자영업 시장의 유입으로 인한 결과로 해석되고 있다. 이에 창업에 대한 동향을 살펴보면, 외식업이 차지하는 비율은 지속적인 증가 추세를 보이고 있다. 이에 본 연구는 외식창업자를 예비창업자, 재창업자, 기존창업자로 분류하여 지속 가능한 창업에 영향을 주는 개인적 특성을 탐색적으로 분석하고자 한다. 이에 외식창업자의 특성이 경영성과에 미치는 영향에 대한 기존 연구 범위를 확대하고자 하며, 아울러 창업실패부담감과 사회안전망인식의 조절효과를 알아봄으로써 정부의 효과적 창업지원정책 마련에 기여하고자 하는데 목적을 두었다. 예비 창업자 228명, 재창업자 172명, 기존 창업자 233명으로 분석하였으며, 그 결과 예비창업자의 특성과 창업의지와는 유의한 관계이며 창업실패부담감의 조절효과는 심리적, 행위적 특성에 한하여 조절 작용한다. 재창업자/기존창업자의 특성과 창업지속가능성은 유의한 관계이며 창업실패부담감의 조절효과는 행위적 특성만이 조절효과를 보이는 것으로 도출되었다. 사회안전망인식의 조절효과는 예비창업자, 재창업자, 기존창업자의 심리적 특성이 조절효과를 보이는 것으로 도출되었다. "
"본 연구에서는 고학력 청년 니트족을 대상으로 일 경험의 의미와 구직태도를 준거로 유형화하고 니트 탈출 방안을 도출하고자 하였다. 이를 위해 선행연구 분석을 토대로 우리사회 니트의 현황과 특성을 파악한 후, 인터뷰를 통해 면접자들의 일 경험, 구직태도와 니트 탈출방안에 대하여 심층 분석하였다. 분석 결과 현재 니트에 잔류한 사람 모두 과거 일자리 경험과 관련하여 부정적인 기억을 가지고 있음을 알 수 있었다. 과도한 업무량과 대학전공과 수행했던 업무의 불일치로 혼란을 겪고 있었으며, 그로 인하여 구직에 대한 태도 역시 소극적인 것을 알 수 있었다. 한편, 니트를 탈출하게 된 배경을 분석한 결과 이들은 본인의 전공을 최대한 살리고, 과거의 일 경험을 긍정적으로 성찰할 뿐만 아니라 눈높이를 하향화하여 취업에 성공한 것으로 나타났다. 이러한 결과를 토대로 정책적 시사점을 제시하였다. "
"청년정책의 정책수단을 지방정부의 정책과제 단위사업을 중심으로 유형별 분류 및 분석을 하였다. 최근 문재인 정부는 청년 실업 문제의 어려움을 해결하기 위해 추가경정예산을 편성하는 등 청년정책에 대한 관심이 증가하고 있다. 우리나라 지방정부에서 시행하고 있는 청년정책의 정책과제를 Salamon의 정책수단 유형으로 분류하여 논의해 보았다. 각 지방정부가 시행하고 있는 청년정책 기본계획을 연구대상으로 하여 전국의 청년정책을 수단별로 한눈에 파악할 수 있어 청년정책 현황 파악뿐만 아니라 전반적으로 부족한 청년정책의 정책수단 연구에 기여를 하였다고 본다.
이 연구가 파악한 바는 우리나라 청년정책은 직접수단이 간접수단 보다 많이 활용되고 있다는 점이다. 이를 통해 우리나라 청년정책이 초기 정책임을 확인할 수 있었다. 대부분의 지방정부에서 직접수단인 ‘정부소비’를 통해 청년 포털 구축, 청년 창업 플랫폼 구축, 청년커리어센터 설립, 청년센터 설치, 청년 거점공간 마련 등 인프라 구축 사업을 청년기본계획에 반영하고 있었다. 또한, 유사한 정책과제 및 프로그램이지만 각 지방정부마다 상이한 정책수단을 활용하는 것을 확인할 수 있었다. 정책제언으로는 다양한 분야에서 산발적으로 진행되는 청년정책들을 종합적으로 조정하려는 노력이 필요하다. "
"청년실업의 문제를 해결하기 위해 시행되고 있는 공공기관의 청년인턴제도에 관해 논의한다. 청년인턴제도는 정규직 전환 비율이 적은 문제 등 형식적인 집행으로 비판받아왔지만, 단기적으로 실업률을 줄일 수 있는 유용한 방법으로 시행되고 있다. 이러한 현상에 대해 본 연구는 정책대상자가 아닌 정책집행자의 관점에서, 분명한 목표와 예산에도 불구하고 정책이 실패하는 원인에 대해 논의하고자 하였다. 본 연구는 청년인턴제도의 성격을 분석해 정책 실패의 원인이 제도의 형식적 집행에 있다고 보았다. 구체적으로 청년인턴제도를 ‘채용형 인턴’과 ‘체험형 인턴’으로 구분하여, 정규직 전환의 의무가 없는 체험형 인턴제도를 제도의 형식적 집행으로서 논의하였다. 본 연구는 이에 관한 원인을 Selznick이 제시한 근거로서 조직이 받는 사회적 압력, 조직의 권위와 정당성의 유지, 조직 내부의 비공식적 관계와 권위체계를 분석틀로 선정하였다. 분석 결과, 사회적 압력과 조직 내부의 권위체계 유지, 그리고 연성예산제약으로 인해 청년인턴제도의 형식적 집행이 이루어지고 있는 것으로 확인되었다. 본 연구는 그간 간과되어져 왔던 일자리 정책의 형식적 집행에 관해 논의하였다는 의의가 있다. 또한 청년인턴제도의 성공적 운영을 위해서는 적절한 사후통제가 필요함을 제안하였다. "
"경기침체로 인한 청년실업률 상승의 원인으로 주목받는 경제·사회의 구조적 문제를 해결하기 위하여 정부와 지자체에서는 새로운 돌파구로 청년창업관련 사업을 진행하고 있다. 본 연구의 목적은 청년창업을 활성화시키기 위한 청년 창업생태계의 요소들을 탐색적으로 고찰하여 청년창업 활성화 방안을 제시하는 것이다. 본 연구를 위하여 2010년부터 대전광역시와 대전경제통상진흥원의 청년창업사업을 지원받은 269개 기업을 대상으로 창업지원체계, 창업문화, 인재양성 및 자금지원 등 4가지 요소를 중심으로 대전지역의 청년 창업생태계를 분석하고 청년 창업생태계 활성화를 위한 방향을 제시하고자 하였다. 본 연구의 결과를 요약하면 다음과 같다. 첫째, 대전광역시의 청년 창업지원체계에서 공간지원과 자금지원 및 사업화지원 등에서 우수한 성과를 보인 것으로 분석되었으나 창업교육 등 인재양성 분야에서는 많은 개선이 필요한 것으로 보였다. 둘째, 청년 창업생태계의 장애요인으로는 창업자금 확보를 위한 금융 인프라 부족과 창업성공까지 생계유지를 위한 지원정책의 부족으로 조사되어 자금지원을 위한 금융지원과 창업 전문교육·멘토링 부문에 많은 관심을 기울여야 할 것으로 판단되었다. 이러한 연구결과로부터 대전지역청년 창업생태계 활성화를 위해서는 창업수당, 엔젤투자와 크라우드 펀딩 확대, 창업 세금감면 등 창업성장 단계와 금융지원의 정책을 활성화하는 정책을 제안하고자 한다. 본 연구에서는 지정학적 위치 여건, 풍부한 인적자원 및 협업기관(기업)이 대전지역 청년 창업생태계의 장점으로 분석된바 지역 창업생태계 구성요소 간 연계성 강화를 위한 정책이 우선되어야 한다는 시사점을 도출할 수 있었다. 또한 다양한 창업 금융정책을 통해 청년 창업가가 성공창업에 도달 할 때까지 지원 할 수 있는 금융정책을 우선적으로 시행해야 한다는 실무적인 시사점을 얻을 수 있었다. "
"경기침체의 장기화와 산업구조의 변화 등으로 인해 청년의 실업 문제가 갈수록 점차 더 심각해지고 있어서 청년들의 실업률을 감속시키기고 미래산업과 국가경쟁력 향상을 위한 목적으로 청년창업을 국가정책의 최우선 과제로 추진하고 있다. 이러한 가운데 본 연구에서는 현재 청년들에게 창업을 하고자하는 동기는 어떠한 것들이 있으며 이 시대 청년들의 진정으로 창업을 하려고 하는 이유와 그러한 동기가 청년들의 창업에 도전과 의지에 어떠한 영향을 미치는가에 대한 실증적인 연구를 실시하였으며 청년들의 경우 창업 실패에 대한 부담감이 창업의지에 미치는 영향이 크기 때문에 창업을 실패하더라도 다시 재기할 수 있다는 재기가능성은 창업의지에 결정요인에 따른 조절효과에 대한 연구를 실시하였다. 연구 결과 첫째, 창업동기가 창업의지에 미치는 영향관계를 살펴본 결과 창업동기 중 능동적 동기와 기회 및 성취동기는 청년층의 창업의지 유의한 영향을 미치는 것으로 나타났다. 그러나 금전적 동기는 청년층의 창업의지에는 유의한 영향을 미치지 않는 것으로 분석결과 나타났다. 둘째, 창업동기 중 능동적 동기와 기회 및 성취동기가 청년층의 창업의지에 미치는 영향에 재기가능성은 조절효과를 나타내는 것으로 나타났다. 재기가능성 즉, 창업을 실패하더라도 다시 재기할 수 있다는 인식과 사회적인 제도와 정책이 마련 되여 질 때 청년들이 창업에 대한 도전과 의지가 높아질 수 있다는 것을 의미한다. 따라서 청년의 창업에 대한 도전과 창업성과 뿐 만 아니라 창업 실패 시 재기할 수 있는 사회적, 제도적 정책마련과 홍보가 적극적으로 이루어져야 할 것으로 사료된다. "
"청년 취업자의 잦은 이직에 대한 문제의식에 기반하고 있다. 취업에 성공한 청년 근로자의 이직은 청년 실업의 주요 원인으로 논의되고 있다. 따라서 ‘어떤 요인이 일자리 지속과 이탈을 결정하는가?’ 라는 연구 질문을 토대로 ‘이직요인’에 대해 분석하였다. 분석을 위해 T-test와 의사결정나무모형(decision tree)을 설계하였다. 자발적 이직 예측을 위해 요인 간의 상호작용과 이직의사가 높은 집단의 특성에 대한 분석을 시도하였다.
분석결과, 청년 취업자 이직의사에 영향을 미치는 주요 요인은 직무요인 중 ‘직무-기술 적합도’와 ‘복리후생 만족도’, 그리고 외부환경 요인 중 ‘임금/소득 만족도’와 ‘교육수준’이 다른 요인을 우선하여 이직의사에 영향을 미치는 주요 변수로 도출되었다. 특히 이직의사에 영향을 미치는 변수 간 조합에도, 고위험집단은 ‘직무-기술 수준’이 낮고, 조직의 ‘복리후생제도’의 만족도가 매우 낮으며, 4년제 대학을 졸업한 것으로 도출되었다.
이상의 분석결과에 근거하여, 본 연구에서는 청년 취업자의 이직 의사 영향요인에 대한 정책적 함의를 제시하여 향후 청년 취업자 노동정책 관련 정책설계 및 대응방안 마련에 기여하고자 한다. "
"청년 실업이 IMF 외환위기 이후 최고치를 기록하고 있고 청년 실업률은 전체 실업률의 2 배 이상을 차지하고 있으며 양질의 일자리는 지속적으로 감소하고 있다. 청년 창업은 일자리 창출 정책수단 뿐 아니라, 국가 전체의 산업경쟁력 제고에 매우 중요하다. 하지만, 청년들은 창업에 대한 불안으로 창업을 꺼리고 있어 본 연구는 창업자의 불안을 낮출 수 있는 방안을 모색하고자 하였다. 즉 본 연구는 청년창업자의 창업 당시의 일반적 특성, 가정환경 특성, 창업관련 특성에 따른 창업불안의 차이를 살펴보았다. 창업불안은 창업 실패 두려움, 향후 채용에 대한 불리함과 불안, 창업에 대한 부정적 시선으로 설정하였으며 만 19~39세 청년창업자 418명을 대상으로 설문조사를 실시하였다. 연구결과, 첫째, 청년창업자의 일반적 특성인 창업 당시 학교 재학 여부, 창업 전 직장 경험, 소재지에 따라 창업불안의 차이가 있었으며, 둘째, 청년창업자의 가정환경 특성인 부모 맞벌이 여부, 부모 창업 여부, 부모 반대 수준에 따라 창업불안의 차이를 보였다. 셋째, 청년창업자의 창업관련 특성인 창업이유, 과거 창업경험, 창업 형태에 따라 창업불안의 차이를 보였다. "
"청년 구직자의 취업 과정에서 노동시장 네트워크가 미치는 영향을 규명하고자 한다. 이를 위해 청년패널조사를 바탕으로 2008년부터 2016년 사이에 취업에 성공한 청년 근로자를 대상으로 실증분석을 시행하였다. 네트워크 참여 결정에 따른 내생성을 통제하기 위하여 현 직장소재지와 출신고교소재지의 일치 여부를 도구변수로 사용하여 분석한 결과, 최초 취업 당시 네트워크형 입직경로를 사용할 경우 정규직보다는 비정규직으로 채용될 확률이 약 12%p 높아지는 것으로 나타났다. 이러한 결과는 네트워크 참여자의 규모가 증가함에 따라 발생할 수 있는 혼잡효과에 따른 것으로 볼 수 있으며 이는 국내 노동시장에서 장기간 지속되어 온 청년 실업의 증가 속에서 구인율과 실업률의 비율로 측정되는 노동시장 긴장도가 상당히 느슨해 진 상태임을 의미한다는 점에서 정책적 시사점을 제시하고 있다. "
"대학과 기업이 협력적 네트워크를 구축하여 시도한 취업지원 프로젝트의 성과를 비판적으로 검토함으로써, 청년 구직자를 대상으로 한 취업지원 정책이 갖고 있는 구조적인 한계를 비판적으로 검토하고 있다. 울산대학교 취업지원 프로젝트는 대학과 지역의 중소기업이 연계하여, 대학생의 취업역량을 강화할 수 있는 교육프로그램을 제공하는 것은 물론 인턴십과 연계된 취업기회를 제공함으로써, 청년 구직자와 중소기업의 미스매치를 해소할 목적으로 실시되었다. 본 연구의 목적은 울산대 프로젝트가 참여 학생들의 인식에 어떠한 영향을 미쳤는지 확인하고, 그것에 영향을 미친 요인이 무엇인지 비판적으로 성찰함으로써 향후 정책추진을 위한 방향성을 제시하는 것이다. 이를 위해 본 연구는 양적자료와 질적자료에 대한 분석을 함께 실시하였다. 프로젝트 실시 전후 두 차례에 걸쳐 참여자와 비참여자를 대상으로 실시 설문조사에 대한 분석은 물론, 프로젝트 참여자를 대상으로 두 차례에 걸친 심층인터뷰도 진행하였다. 분석결과 프로젝트 참여자의 기대임금 수준은 유의미한 수준으로 감소하였으나, 중소기업에 대한 인식은 크게 변하지 않았고, 단기적인 구직 태도의 적극성은 감소하였다. 이러한 부정적인 성과가 도출된 근본적인 이유는 프로젝트 시작 단계부터 학생들이 얻고자 한 것과 대학 및 중소기업이 기대한 성과가 일치하지 않았기 때문인 것으로 확인되었다. 저자들은 이러한 분석결과를 토대로 향후 취업지원 정책의 개선방향을 제안하였다. "
"한국산업인력공단이 운영하는 월드잡플러스는 청년들의 해외취업을 지원하는 포털 서비스로서 해외진출에 필요한 정보제공과 등록, 면접, 학습 등 일련의 과정을 지원하는 통합정보네트워크이다. 현재 30만명 이상의 청년들이 등록하고 있 으며, 연계관련기관과 협업하여 청년들의 해외 취업을 지원한다. 월드잡플러스는 지원서비스의 혁신화와 무결성 유지를 위 해 머신데이터 분석플랫폼인 스플렁크를 활용하여 웹사이트에 축적된 로그파일 분석을 시도하고 있다. 기술적·예측적 분석 도구를 이용하여 구직자 니즈와 프로필 기반의 맞춤형 매칭 서비스를 제공하며 구직자를 위한 최적 구직 성공요건 및 최적 구인기업에 대한 정보를 제공한다. 본 논문에서는 월드잡플러스가 스플렁크를 활용하여 해외취업을 지원하는 몇 가지 서비 스에 대한 사례를 제시해보고자 한다. "
"최근 서비스 디자인 프로세스를 적용한 국민 참여 정부 정책 결정 모델들이 늘어나고 있다. 과거 공급자 위주의 정책결정 과정에서 발생할 수 있는 정책 실행 수용의지가 낮아 정책의 효과가 반감된다. 이러한 문제 해결을 위해 국민 참여 정책 서비스디자인을 2014년부터 매년 행정자치부에서 국민디자인단 이라는 명칭으로 진행 중이다. 공유 마을은 공유경제를 실행하기 위한 넓은 의미에서의 마을공동체로 마을 구성원간의 공유 의식을 높이고 상생과 협력을 통해 지속가능성을 유지하는데 목적이 있다. 본 연구는 기존 공유마을의 문제점을 파악하고 서비스디자인 방법 툴킷(Toolkit)을 활용하여 도시가 가지고 있는 공유마을, 도시재생, 청년취업 정착에 대한 3가지 문제들을 복합적으로 해결하는 방법을 제시하였다. 그러나 본 연구는 연구 대상의 인과관계가 광범위하고 해결방법 제시에 따른 각각의 대상이 가지는 결과 만족도를 검증하기 위한 만족도 조사 및 연구기간의 한계가 있어 향후 지속적인 검증과 문제점 개선을 통한 후속 연구가 필요하다. "
"2006~2015년 기간 동안 성·연령별로 1인 가구가 증가한 양상을 비교하고 그 원인을 분석하였다. 청년층의 경우 결혼 지연으로 인한 1인 가구 확대가 두드러지며, 고연령층의 경우 자녀 세대와의 분가를 통한 노인 가구 증가가 1인 가구 확대에 기여하고 있는 것으로 판단된다. 청년층의 결혼 지연은 취업한 여성에게서 두드러지며, 고연령층에서는 가구 내 협상력과 관련된 경제적 변수의 역할이 여성의 1인 가구 증가에 기여하는 등, 변화 방향과 그 원인에 있어서 남녀별로 차이가 있다고 추정된다. 1인 가구의 확대 자체에 대한 정책적 접근이 필요하다기 보다는, 그 배경 원인의 하나인 결혼 지연 등과 관련하여 일·가정에 대한 청년층의 선택이 왜곡되고 있을 가능성에 대해 충분한 고려가 필요하다고 판단된다. "
"본 연구는 베트남지역의 신입 대졸 해외취업자들이 취업과 현지적응을 하는 과정에서 어떤 경험을 하고 있는지를 파악하여 경험의 의미를 밝히고자 하였다. 이를 위해 4년제 대학을 졸업하고 베트남 현지에서 취업한 신입 해외취업자 6명(남 2명, 여 4명)을 대상으로 개별면담을 통해 취업과 현지적응 경험을 탐색하였다. 면담자료를 분석한 후 Giorgi의 현상학적 방법을 적용하였다. 연구결과 15개의 하위구성요소와 5개의 구성요소가 도출되었다. 5개의 구성요소는 <해외취업 찾아 나서기 경험>, <신입사원으로 관리자 역할 자리 잡기>, <베트남에서 부딪친 암담한 업무현실>, <워라밸(Work Life Balance)로 힘든 타국생활 버텨내기>, <장기정착을 고민하며 미래 위한 자기계발하기>로 나타났다. 베트남의 신입 해외취업자들은 해외취업의 타협과정과 해외취업의 설레임을 경험하고 관리자로 시작하는 신입사원의 행복감과 성취감 그리고 어려움을 경험하였다. 이들의 경험은 베트남에서의 수직적 조직문화와 타문화에 적응하며 발생되는 어려움과 대처행동, 삶의 질을 높이기 위한 여가생활경험 및 미래계획에 대한 불안감과 현실적 노력 등이 혼재되어 나타나고 있었다. 연구결과를 기초한 시사점으로는 신입 해외취업자 현지적응을 높이기 위한 사전직무교육, 복지지원 정책의 필요성 등을 제시하였다. 이를 토대로 청년해외취업자의 취업과 현지적응을 위한 제언과 시사점을 제시하였다. "
"본 연구는 경원축 도농네트워크 재구성과 귀촌귀농이 경기북부 지역인구 증가와 지역경제 활성화에 어떤 긍정적 효과를 줄 수 있는지를 경기북부 지역균형발전 관점에서 살펴보고, 새로운 도농네트워크와 경원축 귀촌귀농을 활성화할 수 있는 구체적 육성사업을 제시하고자 한다.연구결과, 첫째, 경원축 50-60대 귀촌귀농에 있어 은퇴자 보다는 전업자 발굴에 좀 더 적극적 일 필요가 있다. 둘째, 경원축 30-40대 귀촌귀농은 이들이 경제적 이유 예를 들어 주택, 취업 문제로 인하여 귀촌하는 경우도 있음을 고려해 지역내 생산활동에 참여할 수 있도록 하는 지원 즉 지역내 직업소개, 농산물 거래참여 등을 지원하는 방안을 모색할 필요가 있다. 셋째, 경원축 20-30대 청년층의 귀촌귀농 활성화를 위해서는 저렴한 농지의 알선이나 대여 등 실질적인 인센티브(incentive) 부여방안 마련이 절실하다고 하겠다. 넷째, 경원축 귀촌귀농 확산을 위해서 경원축 도시지역에 존재하는 도시인프라를 적극 활용할 필요가 있다. 다섯째, 귀촌귀농 활성화를 위해서는 기업분야에 비해 상대적으로 빈약하고 미약한 귀촌귀농지원에 관한 조례내용을 보다 구체화하여 농지나 정착비 등의 지원규모나 감면요율 등을 명확히 할 필요가 있다고 판단된다."
"지방정부 차원에서 실효성 있는 청년정책의 방향성을 모색하고자 울산광역시 사례를 중심으로 살펴보았다. 이를 위하여 시로부터 청년위원에 위촉 받은 울산청년네트워크 회원을 대상으로 ‘울산 청년지원 종합대책’에 대한 만족도 및 필요도 설문을 실시하였다. 그 결과 세부과제별 만족도 점수가 높을수록 청년정책에 대한 전반적 만족도도 높게 나타났고, 만족도와 필요도 간 유의한 차이가 있음을 확인할 수 있었다. 또한 사업의 필요성이 절실하지만 만족도는 낮은, 정책 우선순위의 고려 대상이 되는 세부과제들을 도출할 수 있었다. 청년기본조례에서 청년정책의 목적이 청년발전에 있음을 규정하고 있듯, 청년정책은 청년발전을 돕는 정책이 되어야 한다. 즉 지방정부는 청년들이 지역에서 능력을 개발하고 역량을 키울 수 있는 환경을 조성할 의무가 있다. 이를 위한 지방정부 차원에서의 역할과 과제에 대해, 본 연구에서는 스펙무용론 확산을 위한 노력, 청년층 연령 범위의 재설정 검토, 통합적 청년정책 행정을 위한 부서 간 협업 체계 구축, 직업의 유형을 고려한 맞춤형 청년정책 추진, 공공기관 지역인재 채용 의무화 제도의 개선, 국외 취업 지원에 대한 역할 모색 등을 제언하였다"
"청각장애 청년의 학교 교육 경험과 삶의 질에 영향을 미치는 요인에 대해 알아보고자 하였다. 연구방법: 청각장애 청년 4명을 대상으로 반구조화된 면담질문지를 이용하여 개별 면담을 진행하였으며, 면담 내용은 사례 간 분석을 통해 의미있는 내용을 중심으로 범주화하였다. 연구결과 및 결론: 수집된 면담 자료를 분석한 결과, 첫째 학교 교육 경험은 일반학교에서 통합교육을 경험한 경우 의사소통의 어려움과 장애인식 부족으로 인해 학습상의 어려움과 또래 아동으로부터 놀림과 따돌림을 경험했으며, 적응상의 어려움으로 인해 일반학교에서 특수학교로 이동을 경험하기도 했다. 특수학교에서 교육을 경험한 경우, 취업 과정에 있어 지역사회로의 통합을 위해서는 통합교육이 필요하다고 진술하였다. 둘째, 삶의 질에 영향을 미치는 주 배경원인은 의사소통 관련 지원과 농사회로의 통합과 밀접한 관련이 있었다. 삶의 질 향상을 위해서는 자신과 같은 장애를 가진 농아인들과의 통합이 필요하지만, 지역사회와의 통합에 필수적인 요소인 의사소통에 대한 지원이 필요하며, 건청인들과 동등하게 살 수 있도록 농문화를 충분히 고려한 다양한 정책과 서비스가 개발되고 보급되어야할 필요가 있다. "
"청년 삶의 질과 관련된 언론 보도를 체계적으로 분석하여 사회적으로 대두되고 있는 청년 관련 과제들을 발굴하는 데 있다. 기존 연구에서는 청년 삶의 질을 파악하기 위한 시도는 이루어졌으나, 대체로 실태조사에 근거하고 있어 결과의 일반성을 확보하는데 제약이 되고 있다. 따라서 생산 가능인구의 주된 대상인 청년들이 괜찮은 삶을 영위하고 있는지, 어떠한 영역에 관심을 가지고 있는지 등을 파악하기 위한 연구가 시급한 상황이었다. 이 연구에서는 언론 노출분석이라는 방법을 통해 광범위한 데이터에 기반 한 과제들을 제안하는데 초점을 두고자 한다. 연구 방법은 조사연 구를 사용하였으며, 청년 삶의 질 조사 결과 발표 시점부터 15일간 언론에 보도된 내용을 분석하였다.
연구 결과 대학생과 취업준비청년 대상으로는 원하는 일자리, 희망 연봉 등을 관심 있게 다루고 있었 으며, 취업청년 대상으로는 현 직장의 만족도에 관심이 있었다. 이 밖에도 정신건강이나 결혼 등 미래 준비에 대한 관심도 높았다. 분석 결과를 바탕으로 정책 제언을 하면 다음과 같다. 첫째, 년 관련 정책이나 연구 주제를 기존 청년 취업 중심에서 청년 삶의 질 전반으로 확대할 필요가 있다. 둘째, 청년들이 미래를 준비할 수 있는 다양한 정책 방안 마련이 필요하다. 셋째, 취업뿐만 아니라 현재의 주거, 정신건강 등을 함께 논의할 필요가 있다. "
"
청년 일자리 창출을 위한 스포츠의 가능성을 알아보고 향후 스포츠분야에서의 진흥 정책 방향과 세부 과제를 제시함으로써 청년 일자리 창출을 위한 기초자료를 제공하는데 그 목적이 있다. 이와 같은 연구목적 달성을 위해 기존 선행연구 및 각 스포츠정책 관련 정부자료 등을 중심으로 개별화된 문헌 연구와 SWOT 분석 자료를 활용하여 내용을 기술하였다. 이를 토대로 총 4회에 걸친 전문가 회의를 개최하여 세부 과제를 생성하였다. 이상과 같은 연구방법을 적용하여 도출된 결과는 다음과 같다. 이 연구를 통해 선정된 추진 방향과 목표는 첫째, 융･복합형 스포츠 산업 일자리 창출을 위한 조건 형성, 둘째, 스포츠의 제도적 정비를 통한 취업하기 좋은 스포츠 환경 조성에 대한 접근, 셋째, 대학교육 차원에서의 일자리 창출 프로그램 개발을 위한 노력 등으로 선정 되었으며, 이를 해결하기 위한 정책 방안으로는 가장 먼저 융･복합적 문화를 접목한 스포츠산업 맞춤형 취/창업 프로그램 개발,에 대한 정책적 접근이 필요하며, 둘째로 스포츠의 제도적 정비를 통해 걸림돌 없는 스포츠 환경 조성 이 도출되었으며, 끝으로 지역사회와 소통하는 대학교육을 지향하여 청년 일자리 창출을 위한 스포츠의 가능성이 제고 되었다. 

 "
"정부 및 교육기관 차원의 해외취업/인턴십 프로그램이 증가하면서 싱가포르의 저숙련·저임금 서비스 직종에서 일하는 한인 청년들이 늘어나고 있다. 본 연구는 이처럼 싱가포르 내 새로운 유형의 한인 이주자로 등장하고 있는 이 청년들과 싱가포르, 한국에서 진행한 심층면접조사를 바탕으로, 이들의 해외 취업 동기와 기대, 취업 이주 경로, 싱가포르에서의 일 경험, 귀국 후 생활을 살펴본다. 싱가포르 해외취업 경험이 있는 청년 중 다수는 싱가포르 취업 사증 중 가장 낮은 등급의 저숙련 사증인 WP(Work Permit)를 소지하고 서비스직에서 근무하며 탈숙련화를 경험하고 있다. 본 논문은 이들이 취업 이주를 통해 자신들의 기대와 목표를 충족하고 있는지, 아니라면 어떻게 대응하며, 자신의 이주 경험을 어떻게 해석하고 있는지 살펴보고자 한다. 최근 증가하고 있는 청년단기 해외취업 현상에 대해 만족도·효용 평가, 프로그램·정책 평가 및 제언 등을 담은 연구들이 발표되고 있다. 그러나 이를 이주 연구(migration studies)의 맥락에서 살펴보고, 청년들의 구체적인 경험들과 그에 대한 본인들의 해석에 집중하는 연구는 드물다. 본 연구는 이들의 경험을 면밀히 살피고, 이를 탈숙련화와 이동성 자본(mobility capital) 개념을 통해 해석해 봄으로써, 청년 해외취업의 구조적인 문제를 드러냄과 동시에 이들의 행위자성에 주목한다. "
"한국 청년층들의 고용상태가 최악의 실업률 지표로 나타나고 있다. 청년층의 취업난은 경제활동인력의 주축이라는 측면에서 사회문제를 동반하는 특징을 지니고 있다. 이러한 상황에서 본 연구는 매년 청년층의 비중이 크게 증가하고 있는 고용노동부의 청년층 특화 취업지원 프로그램인 ‘청년취업성공패키지’ 참여자들에 대한 종합적이고 구체적인 프로그램 참여전후 성과비교와 만족도 등을 조사, 분석하여 사업개선을 위한 대책안과 시사점을 제시하는데 그 목적을 두고 있다.
조사결과, 먼저 취업성공패키지에 대한 전반적인 만족도는 성별로는 남성, 지역별로는 수도권 그리고 학력별로는 전문대졸 이하 참여자들이 통계적으로 유의미하게 높게 나타났다. 둘째, 취업성공패키지 재참여 의향에서는 학력별로는 전문대졸 이하 참여자의 재참여 의향이 대졸이상 참여자 보다 통계적으로 유의미하게 높게 나타났다. 셋째, 취업성공패키지 프로그램 참여 전후 변화에 관해서 성별로는 남성 참여자가 취업성공패키지 참여이후 통계적으로 유의미하게 향상된 것으로 나타났으며 지역별로는 수도권 참여자가 사회구성원들과의 관계를 제외한 모든 항목에서 취업성공패키지 참여이후 통계적으로 유의미하게 향상된 것으로 나타났다. 학력별로는 전문대졸 이하 참여자가 근로의욕 수준을 제외한 모든 항목에서 취업성공패키지 참여이후 통계적으로 유의미하게 향상된 것으로 분석되었다. 이와 같은 연구결과는 취업성공패키지 사업에 참여하고 있는 청년층의 경우, 남성과 수도권 지역 그리고 전문대졸 이하 참여자들의 만족도가 높다는 것을 확인할 수 있다. 또한 이를 통하여 현재 진행되고 있는 취업성공패키지 프로그램들이 이들 참여자들에게 보다 도움이 되고 있다는 사실을 간접적으로 확인해주는 대목이다. 물론 지역적인 차이는 진행되는 프로그램의 내용적인 측면 보다는 이들 프로그램을 운영하는 전문기관이 비수도권 지역 보다 수도권에 집중되어 있기 때문인 것으로 해석할 수 있다.
따라서 향후 대책안과 시사점은 취업성공패키지가 청년층의 양적인 참여 확대 보다는 내실 있는 질적 정착을 위해 여성과 대졸 이상 참여자의 만족도를 제고시킬 수 있는 다양한 프로그램 제공과 비수도권 참여자들이 다양한 프로그램에 참여할 수 있는 운영기관의 확충이 필요할 것으로 보인다. 특히, 본 연구는 최근 급증하고 있는 취업성공패키지 청년층 참여자에 대한 만족도와 참여전후 변화정도를 파악하고 이를 참여자 특성별로 살펴보면서 현재 진행되고 있는 프로그램에서 상대적으로 소홀히 다루고 있는 계층 까지도 확인했다는 측면에서 큰 의미를 지닌다."
