"고용의 탈산업화라는 고용구조의 변화와 사회정책이 청년의 니트(NEET) 확률에 미친 영향을 실증적으로 규명하는 데 있다. 이를 위해 본 연구는 LIS(Luxembourg Income Study) 데이터베이스를 분석자료로 다수 국가의 다시점 미시자료를 결합한 다수준 선형확률모형(multilevel linear probability model)을 분석전략으로 채택하였다. 다수준 분석에 포함된 최종 분석대상은 니트 판별이 가능한 OECD 22개국의 81개 데이터셋(1995~2010년경)에 포함된 331,611명이다. 분석 결과, 제조업 고용비중의 1%p 하락은 청년의 니트 확률을 0.61%p 높이는 것으로 나타났다. 한편 교육?노동시장?복지제도는 직접적으로 청년니트 확률에 영향을 미치지는 않았다. 그러나 사회정책은 제조업 고용비중의 영향력을 다양한 방식으로 조절하는 것으로 나타났다. 교육제도의 선별성이 높을수록, 단체협상 적용률이 높을수록, 적극적 노동시장 비중과 실업 관련 급여의 소득대체 정도가 높을수록 고용구조 변화의 부적 영향력이 완화되었다. 그러나 직업교육 중심성이 높을수록, 노동조합 가입률이 높을수록 고용구조 변화가 니트 확률을 높이는 것을 더욱 강화하는 것으로 나타났다. 본 연구는 이러한 결과에 기초해 한국사회에 제공하는 정책적 시사점에 대해 논하였다. "
"우리나라 16개 광역자치단체로 구성된 지역 간 패널자료를 이용해 기술혁신이 청년고용에 미치는 영향을 실증적으로 분석했다. 이때, 고용의 동태적 특성과 내생성을 고려한 동태적 패널모형을 이용했고, 전체고용과 청년고용 간 차이를 비교했다. 또한 기술혁신이 고용에 미치는 영향을 보다 면밀히 검토하기 위해 다양한 거시경제변수를 통제변수로 사용했다. 분석결과, 첫째, 총요소생산성의 향상은 청년고용을 감소시키는 것으로 나타났다. 이는 앞으로 ‘잃어버린 세대’ 문제가 더욱 심화될 수 있다는 것으로 미래의 국가경쟁력 강화를 위한 청년층 일자리 확대 정책과 사회적 논의가 필요하다는 것을 시사한다. 둘째, 청년고용은 경로의존성이 매우 강하게 나타났으며, 임금과 산출량의 변화에 상당히 민감한 영향을 받는 것으로 나타났다. 이상의 결과는 정부의 고용정책은 장기적인 관점에서 추진될 필요가 있으며, 청년 고용의 안정성 확보를 위한 대책마련이 필요하다는 것을 시사한다. 마지막으로, 지방정부의 지출이 청년고용에 미친 영향은 불명확한 것으로 나타났는데, 이는 청년층이 요구하는 일자리와 정부지출로 해결 가능한 부문 간의 'Mismatch(일자리 불일치)' 문제가 작용했을 가능성을 의미한다. "
" 2000～2015년 기간 우리나라 16개 지역 간 패널 자료를 이용해 기술혁신이 청년고용에 미치는 영향을 분석했다. 이때 고용의 동태적 특성과 내생성을 고려한 동태적 패널모형을 이용했고, 전체 고용과 청년고용 간 차이를 비교했다. 또한 기술혁신이 고용에 미치는 영향을 보다 면밀히 검토하기 위해 다양한 거시경제변수를 통제변수로 사용했다. 분석 결과, 첫째 총요소생산성의 향상은 청년고용을 감소시키는 것으로 나타났다. 이는 앞으로 ‘잃어버린 세대’ 문제가 더욱 심화될 수 있다는 것으로 미래의 국가경쟁력 강화를 위한 청년층 일자리 확대 정책과 사회적 논의가 필요하다는 것을 시사한다. 둘째, 청년고용은 경로의존성이 매우 강하게 나타났으며, 임금과 산출량의 변화에 상당히 민감한 영향을 받는 것으로 나타났다. 이상의 결과는 정부의 고용정책은 장기적인 관점에서 추진될 필요가 있으며, 청년고용의 안정성 확보를 위한 대책 마련이 필요하다는 것을 시사한다. 마지막으로, 지방정부의 지출이 청년고용에 미친 영향은 불명확한 것으로 나타났는데, 이는 청년층이 요구하는 일자리와 정부지출로 해결 가능한 부문간의 ‘Mismatch’(일자리 불일치) 문제가 작용했을 가능성을 의미한다. "
"기계화 ? 자동화의 진전으로 육체에 의존하는 일이 줄어들면서 ‘키=생산성’ 간의 관계가 직접적으로 연결되는 직업은 상당히 줄어들었다고 할 수있다. 그럼에도 불구하고 키는 여전히 노동시장에서의 성과를 결정하는중요한 요인의 하나로 인식되고 있다. 청년층을 둘러싼 일자리 여건이 녹록치 않은 상황에서 취업을 앞둔 청년들에게 외모나 키와 같은 요인들도타인과의 차별화가 가능한 요인으로 인식되기도 하며 때로는 구직자들의마음을 졸이게 하는 요인이 되기도 한다.
이처럼 키가 일종의 ‘경쟁력’으로 여겨지고 있는 상황에서 본 연구는노동시장에서의 신장 프리미엄(height premium)에 대해 실증적으로 살펴보고자 하였다. 이를 위해 한국직업능력개발원의 「한국교육고용패널조사(KEEP)」를 이용하여 4년제 대학을 졸업한 여학생을 대상으로 이들의노동시장 이행(transition from school to work) 과정에서의 신장 프리미엄에 초점을 두고 분석을 실시하였다.
취업가능성이나 괜찮은 일자리를 갖게 될 가능성 그리고 첫 일자리에서의 소득수준에 대한 분석결과에서 신장 프리미엄이 존재할 가능성이 확인되었다. 이는 주로 작은 키에 대한 불이익보다는 큰 키에 대한 프리미엄의형태로 노동시장 이행과정에서 신장 프리미엄이 존재하고 있는 것으로 나타났다. 본 연구는 아직까지 실증연구가 활발하게 이루어지지 않은 노동시장에서의 신장(height)의 영향력을 대표성 있는 통계자료를 이용하여다각적으로 살펴보았다는 점에서 의의를 찾을 수 있다. "
"청년실업문제를 해결하기 위한 대안으로 제시되고 있는 고용보호제도와 직업교육 및 적극적 노동시장정책의 효과성을 분석하고 있다. 분석 결과, 정규직 고용보호수준의 완화가 청년의 고용성과에 미치는 영향은 제한적이며, 직업교육에서 기업의 참여, 그리고 직업훈련, 재진입정책과 같은 적극적 노동시장정책이 청년 노동시장에 긍정적인 영향을 미치고 있었다. 반면, 고용창출정책은 청년실업에 영향을 미치지 못했고 오히려 고용률을 악화시킬 수 있다는 사실을 발견하였다. 본 연구는 이러한 분석결과를 통해 정규직 고용보호 수준의 완화로는 청년 실업 문제를 근본적으로 해결할 수 없으며, 직업교육에서 기업의 참여 수준을 높여 실습위주의 직업교육을 확대하고, 직업훈련과 재진입정책과 같은 적극적 노동시장정책에 대한 투자 수준을 높여나가야 한다는 정책적 제언을 하였다. "
"한국교육고용패널(Korean Education and Employment Panel ; KEEP) 데이터를 활용하여 국내 4년제 대학졸업자들을 대상으로 노동시장 진입을 위한 성과 요인을 고찰하고, 훈련기관에 따라 노동시장 성과가 어느 정도의 관계를 맺고 있는가를 탐색하는 것을 주 목적으로 첫 일자리 이행기간에 영향을 미치는 노동시장 성과요인을 분석하였다. 노동시장성과를 각각 (1) 첫 일자리 이행기간 (2) 고용형태 (3) 임금수준으로 명명하였다. 응답자가 취업을 위하여 훈련받은 기관의 특징가진 명목변수와 대응일치분석(correspondence analysis)을 실시하였다. 양자 간의 연관성을 가시적인 방법으로 나타내기 위함이다. 그 결과 첫째, 첫 일자리 이행기간이 가장 짧은 훈련기관은 공공기관으로 사설학원, 대학 순으로 분석되었다. 둘째, 고용형태 별로는 공공기관은 사설학원과 대학과 비교하여 상대적으로 일용직의 비율이 높았다. 셋째, 임금수준 별로는 공공기관의 경우 임금수준 1범위에서 3범위까지의 분포를 보였고, 사설학원의 경우는 임금수준 2범위에서 4범위까지 높은 분포를 보였다. 이러한 결과를 기반으로 청년층의 사회진출 시 훈련기관별 노동시장 성과의 차이를 분석해 볼 수 있어, 훈련기관별 · 청년층 구직자의 특성에 대해서 알 수 있는 기초 자료를 제공하고, 고용과 교육·고용복지를 포괄하는 정책이 확충되어야 함을 제언하였다. "
"1990년대 이후 ‘고용없는 성장’에 따른 노동수요 감소와 최근의 경기침체로 인해 청년층 고용사정의 어려움이 증가하고 있는 상황에서 지역적 특성에 기반한 청년고용 정책 방향을 제시하고자 하였다. 이를 위해 대전·충남지역 청년노동시장의 주요 특성을 분석한 후 공간적 미스매치(인력의 역외유출입 현상)의 요인을 이항로짓모형을 통해 파악하였다. 분석 결과 최근 수년간 지역 청년층 노동시장은 고용률 상승 및 취업자 수 증가 등 양적으로는 개선되는 모습을 보였으나 고용안정성이 하락하는 등 질적 측면에서는 악화되었다. 청년층 노동력의 지역내 유출입경로를 분석한 결과, 지역에서의 청년인력의 유출이 유입을 크게 상회하였으며 대전의 경우 청년층 노동시장의 자급률이 상대적으로 높아서 폐쇄시장적 성격을 띄는 반면, 충남은 광역수도권과의 교류가 활발한 것으로 나타났다. 청년인력 유출입의 요인으로는 지역간 임금격차, 지역내 고교 졸업 여부 등이 유출입 확률에 유의미한 영향을 미치는 것으로 나타났다. 이러한 분석 결과를 바탕으로 지역내 청년층 노동시장에서의 미스매
치 완화 및 취업활성화를 위한 정책과제를 제시하였다. "
"심화되고 있는 청년실업의 여파로 정부, 기업, 대학 등의 관계기관은 청년실업 해소 및 일자리 창출방안을 모색하고 있다. 그러나 대학생들이 선호하는 좋은 일자리는 한정적이며, 장기간 경기침체에 따른 청년실업률 급등이 20년 전 일본의 상황과 유사하다는 지적이다. 이에 본 연구는 선행연구에 기초하여 한국과 일본 대학생의 조직지원인식과 취업준비활동이 좋은 일자리에 미치는 영향을 비교 분석해 보고자 한다. 이를 위해 한국은 한국고용정보원에서 제공하는 2013 GOMS 5,380부를 활용하였으며, 일본은 2016년 3월 대학생 대상 설문지 256부를 회수하여, 총 5,636부를 분석하였다. 분석 결과, 조직지원인식과 좋은 일자리 인식 간의 영향관계는 한국과 일본 모두 유의한 영향을 미치는 것으로 나타났다. 취업준비활동과 좋은 일자리 인식 간의 영향관계는 한국은 유의한 영향을 미치는 반면, 일본은 영향을 미치지 못하는 것으로 나타났다. 취업준비활동과 좋은 일자리 인식 간의 관계에서 성별과 전공계열의 조절효과는 한국과 일본 모두 영향을 미치지 못하는 것으로 확인되었다. 본 연구결과의 시사점은 다음과 같다. 첫째, 대학의 지원이 대학생들의 좋은 일자리 인식에 긍정적 영향을 미친다는 것이 확인되었기 때문에, 대학에서는 학생들의 복지향상과 교육만족을 위한 지원 및 지원제도를 강화하는 것이 필요해 보인다. 둘째, 취업준비활동과 좋은 일자리 인식은 한국과 일본의 사회구조나 복지 및 임금 등의 격차가 다르기 때문에 발생하였다. 따라서 대기업과 중소기업간 격차를 해소할 수 있는 정책적 방안을 마련한다면 청년층의 좋은 일자리에 대한 인식도 변화될 것이다. "
"대졸자의 취업성과에 있어 취업준비 목적의 자발적 졸업연기가 미치는 영향을 분석하는 것을 목적으로 한다. 위 연구 목적을 위해, 본 연구는 한국고용정보원의 '2015년 대졸자직업이동경로조사(2014GOMS)' 자료를 활용하여 취업준비 목적의 자발적 졸업연기가 정규학기 졸업과 비교해 취업여부와 첫 일자리 임금수준에 미치는 영향을 분석하기 위해 로지스틱 회귀분석과 다중회귀분석방법을 사용하였다. 연구 결과 첫째, 취업준비 목적의 자발적 졸업연기는 정규학기 졸업에 비해 취업확률에 유의미한 정적인 영향을 미치는 것으로 나타났다. 둘째, 취업준비 목적의 자발적 졸업연기는 정규학기 졸업에 비해 첫 일자리의 임금수준이 높을 가능성이 큰 것으로 나타났다. 본 연구 결과를 바탕으로 다음과 같은 시사점을 논의하고자 한다. 첫째, 기업은 투명한 채용기준을 제시하여 대학생들이 필요한 역량계발에 몰두할 수 있도록 돕고, 대학은 학생들이 재학 중 단기 일 경험을 할 수 있는 다양한 프로그램을 제시하여야 하며, 정부는 이중노동시장 구조를 완화하고 불평등을 해소하여 청년층의 첫 일자리 선택에 대한 불안감을 줄일 수 있도록 제도와 정책을 보완해야 할 필요가 있음을 시사한다. "
"근로빈곤의 위험에 빠지기 쉬운 가구는 어떤 가구인지, 근로빈곤을 결정짓는 요인은 어떤 것인지 탐색하는 것이다. 이를 위한 분석방법으로 데이터 마이닝(data mining) 신경망 분석, 로지스틱 회귀분석, 그리고 의사결정나무모형 분석을 활용하였다. 특히기존연구에서 상대적으로 많이 다뤄지지 않았던 가계의 재무 상황에 초점을 맞춰 분석을 실시하였다.
분석 결과, 근로빈곤층과 근로 非빈곤층을 구분하는 첫 번째 요인은 자산 형성을 위한 투자금액으로 나타났고, 다음으로 가구 내 근로자의 수, 직업 분류, 배우자 유무 순으로 중요도가높았다. 이는 오래 전부터 사회 문제로 제기되어 온 고용과 실업의 문제, 양질의 일자리, 결혼과 출산을 포기한 청년 세대의 문제와도 연결되어 있다.
이에 본 연구는 근로빈곤을 예방하고 완화하기 위한 정책으로서 첫째, 필수재 소비지출의금액과 비중을 낮출 수 있도록 주거 복지 향상이 필요하며, 둘째, 근로 의욕을 잃지 않도록근로장려세제 지원 확대, 고용보험 의무가입 강화, 실업급여 수급기간 연장이 필요하며, 셋째, 고용과 양질의 일자리 창출을 이룰 수 있는 일자리 나누기 정책(job sharing)의 시행이필요함을 제안한다. "
"우리나라의 청년실업은 중요한 사회적 이슈이다. 9.3%내외의 공식 청년실업 통계 외, ‘취업애로’를 겪고 있는 청년층이 거의 20%에 달하는 것으로 분석되고 있으며, 이러한 청년실업은 향후 더욱 증가할 것으로 전망된다. 한편, 선진국 가운데 독일과, 스위스, 오스트리아, 덴마크, 네덜란드 등 이른바 게르만권의 청년고용률은 상대적으로 양호한 것으로 나타나고 있다. 그 중에서도 독일의 청년실업은 7~8%내외로 대부분의 선진 국가들과 비교하여 매우 우수한 성과를 나타내고 있다. 본 논문은 이러한 독일의 청년고용대책 성공을 청년고용 ‘정책’적 차원, 직업교육훈련 등 ‘제도’적 차원, 그리고 기타 ‘환경적 요인’에 기인한 것으로 분석한다. 먼저, 청년고용 ‘정책’과 관련 독일은 고학력 청년실업이 주요 쟁점인 우리와 달리 주로 학교중퇴자, 저 숙련자, 장애인, 장기실업자 등 사회적 취약계층에 대한 청년고용 대책이 중심을 이루고 있다고 본다. 이러한 독일의 주요 청년고용대책으로는 ‘Job-AQTIV’법, ‘JUMP’/ ‘JUMP Plus’, ‘Hartz-K ommission’ 관련 법 그리고 최근 EU 차원에서 전개되고 있는 ‘Youth G uarantee’ 등을 들 수 있다. 본고에서는 먼저, 역사적으로 변화하는 이러한 독일의 주요 청년고용 ‘정책’의 개요를 살펴보고 관련 시사점을 비교 분석한다. 둘째, 본 논문은 독일의 청년고용 대책의 핵심인 이른바 ‘이원체제(dual system)’로 알려져 있는 직업교육훈련의 ‘제도’적 특성을 상세히 분석한다. 독일 이원체제는 중등교육 1 단계를 마친 실업학교(Realschule), 기간학교(Hauptschule), 종합학교(Gesamtschule) 및 김나지움(Gymnasium) 등의 하급반 졸업자대상 중등교육 2단계에서 기업-직업학교(Berufsschule)간의 ‘이원화 양성훈련’이 이루어진다. 정부는 이것을 뒷받침하는 교육 커리큘럼을 확립하고, 정부, 사용자 그리고 노사는 국가와 지역 기업차원에서 ‘양성훈련협약(Ausbildungspakt)’을 체결하고 있다. 그 다음 3단계 고등교육단계에 해당하는 독일의 ‘직업아카데미(Berufsakademie)’에서도 사업주와 계약을 체결, 견습생 신분으로 직업 ‘교육’과 ‘훈련’을 병행하는 ‘이원시스템’을 통해 청년들이 취업으로 이어지도록 하고 있다. 이후 4단계 고등교육단계에서는 일반 종합대학과 그 수준, 자격 및 사회적 인지도가 거의 유사하면서도 ‘실무중심 교육훈련’을 강조하는 ‘직업전문대학(Fachhochschule)’ 또는 ‘응용학문대학(Universit?t f?r angewandte Wissenschaften)’의 육성이 주목된다. 이러한 교육훈련시스템의 구축과 그 역할이 자연스럽게 높은 취업률로 이어지고 있다. 셋째, 본고에서는 이러한 청년고용정책과 직업교육훈련 ‘제도’ 외에 사용자의 양질의 생산인력확보에 대한 높은 이해와 이를 육성하려는 적극적 이니시어티브, 고용대책으로서 청년의 직업교육훈련에 대한 노동조합의 전략 및 교섭력, 그리고 정부와 국가의 인적자원개발과 
사회통합적 노사관계 거버넌스 구축에의 관심 등 환경적 요인도 청년고용 대책의 성공에 중요한 요인임을 강조한다. 본고에서는 특히 그 가운데 독일의 직업교육훈련체제가 실제 어떻게 구성?운영되고 있으며, 그것이 어떻게 청년고용의 우수한 성과를 보이는 핵심적 요인이 되고 있는 지를 분석하고, 우리에게 주는 함의를 도출한다. "
"국악전공 연수단원 사업 참여자의 취업에 영향을 미치는 요인을 경험적으로 살펴보았다. 이를 위해 2009년, 2010년, 2011년 국악전공 연수단원 사업에 참여한 인턴과 인턴을 고용한 기관의 자료를 분석하였다. 취업여부를 종속변수로 하고 기관특성, 인턴특성을 독립변수로 하는 분석모형을 구성한 후 로지스틱 회귀분석을 이용하여 영향 요인을 탐색하였다. 분석결과 기관의 법적형태(국공립기관 vs 민간기관), 기관의 재정규모, 기관의 사업 계속 참여여부와 같은 기관특성이 취업에 영향을 미치는 것으로 나타났다. 즉, 인턴이 근무한 기관이 민간기관인 경우 취업 가능성이 높아지며, 기관의 재정규모가 클수록 취업 가능성이 높아진다. 또한 연수단원 사업에 계속 참여한 기관에서 근무한 인턴이 단일연도에만 사업에 참여한 기관에서 근무한 인턴에 비해 취업 가능성이 상대적으로 높은 것으로 나타났다. 인턴 개인특성으로 국악전공 연수단원사업 참여 전 실무경력이 취업에 영향을 주는 것으로 나타났는데 실무경력이 많을수록 취업 가능성이 높아지는 것으로 나타났다. "
"본 연구에서는 청년 NEET에 대해 선행연구를 바탕으로 우리사회의 현황과 특성을 파악한 후, 청년 NEET에서 탈출하기 위한 방안을 모색하고자 청년 NEET층 노동시장 진입과 대학에서의 직업훈련 프로그램으로 상호 관련되는 정책을 미국?영국?독일?일본의 사례를 비교 분석하였다. 본 연구결과를 바탕으로 현재 OECD 국가 중 하위권에 머무르고 있는 우리나라의 청년 NEET 현상을 극복하기 위한 우리나라에서의 시사점을 제공하였다. 미국, 영국, 독일, 일본의 청년 NEET대상 직업교육정책 및 고용정책을 비교 분석한 결과, 각국은 사회통합 차원에서 청년 NEET에 대한 정책을 통합적으로 제공하며 복지적인 관점에서 접근하고 있었다. 이처럼 선진국의 복지적인 관점을 바탕으로 실제적인 지원의 제도적 장치를 갖고 있는 점은 우리나라 지원정책에 많은 시사점을 줄 수 있을 것이다. 다음으로, 각국은 청년 NEET의 사회성 및 정서적 지원 방안을 지속적, 체계적으로 실행하기 위해 재정지원을 강화하고 프로그램지원의 효율화를 도모하고 있으며, 학교와 학교 밖 기관과의 협력 및 파트너 십을 강조하고 있었다. 마지막으로, 각국은 보다 정확하고 분석적인 현황파악을 하고 정부에서 정책적으로 그들의 문제점을 분석하고 이에 대한 해결방향을 제시하고 있었다. 청년 NEET 문제 해결을 위하여 다각적인 노력을 하고 있는 선진국들은 공통적으로 사회 및 직업세계에 적합한 교육 강화, 청년 NEET를 위한 일 경험 기회 제공, 직·간접적 재정지원의 강화 등을 강조하고 있다. 또한 선진국들의 청년지원정책에서는 전체 실업률을 바탕으로 고용안정을 위해 장기적인 관점에서 청년 NEET들을 위해 다양한 직업훈련으로 대비하고 있었다. 따라서 보다 실제적으로 청년 NEET의 문제 해결을 위해서는 경기회복이나 일자리 질을 고려하지 않은 단기적인 정책 처방을 통해서 청년 NEET 문제를 해결하기 보다는 종합적이고 장기적인 관점에서 지원정책을 일관성 있게 지원해 나가야 할 것이다. "
"청년 NEET에 대해 선행연구를 바탕으로 우리사회의 현황과 특성을 파악한 후, 청년 NEET에서 탈출하기 위한 방안을 모색하고자 청년 NEET층 노동시장 진입과 대학에서의 직업훈련 프로그램으로 상호 관련되는 정책을 미국?영국?독일?일본의 사례를 비교 분석하였다. 본 연구결과를 바탕으로 현재 OECD 국가 중 하위권에 머무르고 있는 우리나라의 청년 NEET 현상을 극복하기 위한 우리나라에서의 시사점을 제공하였다.
미국, 영국, 독일, 일본의 청년 NEET대상 직업교육정책 및 고용정책을 비교 분석한 결과, 각국은 사회통합 차원에서 청년 NEET에 대한 정책을 통합적으로 제공하며 복지적인 관점에서 접근하고 있었다. 이처럼 선진국의 복지적인 관점을 바탕으로 실제적인 지원의 제도적 장치를 갖고 있는 점은 우리나라 지원정책에 많은 시사점을 줄 수 있을 것이다. 다음으로, 각국은 청년 NEET의 사회성 및 정서적 지원 방안을 지속적, 체계적으로 실행하기 위해 재정지원을 강화하고 프로그램지원의 효율화를 도모하고 있으며, 학교와 학교 밖 기관과의 협력 및 파트너 십을 강조하고 있었다. 마지막으로, 각국은 보다 정확하고 분석적인 현황파악을 하고 정부에서 정책적으로 그들의 문제점을 분석하고 이에 대한 해결방향을 제시하고 있었다. 청년 NEET 문제 해결을 위하여 다각적인 노력을 하고 있는 선진국들은 공통적으로 사회 및 직업세계에 적합한 교육 강화, 청년 NEET를 위한 일 경험 기회 제공, 직·간접적 재정지원의 강화 등을 강조하고 있다. 또한 선진국들의 청년지원정책에서는 전체 실업률을 바탕으로 고용안정을 위해 장기적인 관점에서 청년 NEET들을 위해 다양한 직업훈련으로 대비하고 있었다.
따라서 보다 실제적으로 청년 NEET의 문제 해결을 위해서는 경기회복이나 일자리 질을 고려하지 않은 단기적인 정책 처방을 통해서 청년 NEET 문제를 해결하기 보다는 종합적이고 장기적인 관점에서 지원정책을 일관성 있게 지원해 나가야 할 것이다. "
"청년패널조사(Youth Panel)를 활용하여 청년실업자의 유형에 대한 세분화를 통하여 우리나라 청년실업자의 특징을 살펴보고, 이에 따라 정책적 시사점을 제시하고자 한다. 이러한 연구목적을 가지고 우리나라 청년실업집단을 세분화하여 분석한 결과, 구직활동 여부와 취업의사, 구직비활동 이유에 따라구직형과 기회추구형, 단절형, 포기형 등 4가지 유형으로 구분되었다. 또한 청년패널조사(Youth Panel)자료를 통하여 각 유형별 분포를 보면, 2014년 기준으로 4가지의 유형 중에서 포기형이 가장 많은 비중을차지하고 있는 것으로 나타났고, 그 뒤로 구직형, 기회추구형, 단절형의 순으로 나타났고 이러한 현상은 3년 동안 동일하게 나타나는 것으로 분석되었다고 설명할 수 있다. 따라서 이러한 분석결과를 가지고 볼 때실제적으로 여러 가지 대책들 중에서 무엇보다도 청년실업자 중 다수를 차지하고 있는 취업의사가 없는 집단, 즉 포기형의 취업의사를 고취시킬 수 있는 방안의 모색이 시급하다는 것을 시사해 주고 있다. 또한 이들을 노동시장으로 진입시키는 노력이 없는 한 우리나라의 청년고용정책의 효과에 대한 의문은 지속적으로 제기될 것이다. "
"임금피크제 지원금 제도의 고용 효과를 행정자료인 고용보험DB를 활용하여 패널고정효과 모델과 DDD 모델로 추정하였다. 최근 쟁점이 되고 있는 고령자와 청년이 세대 간 고용 대체 문제와 더불어, 대기업과 중소기업에서의 고용 효과의 차별성, 임금피크제의 유형별 차이, 제도 효과의 지속성 가능성 문데 등도 같이 분석하였다. 주요 분석 결과는 다음과 같다. 첫째, 임금피크제 지원금 제도는 고령자의 고용을 늘리지만 청년층의 고용을 늘리지 않는다. 둘째, 임금피크제 지원금 제도의 고령자 고용 효과는 지원받은 지 3년 이후에는 약화된다. 셋째, 임금절감이 클수록 고령자 고용효과는 더 커진다. 넷째, 재고용 유형보다는 정년연장형이 고령자 고용 효과가 더 크게 나타난다. 다섯째, 임금피크제 지원 제도의 고령자 고용 효과는 제조업과 비제조업 사이에 차이가 없다. 그러나 사업체 규모별로는 뚜렷한 차이를 보인다. 중소기업의 경우 효과가 큰 반면, 대기업의 경우 효과가 거의 나타나지 않는다. "
"좋은 일자리 개념을 적용하여 장애인근로자들의 좋은 일자리 지수, 분포, 영향요인을 규명하고, 그 특성에 맞는 정책대안을 제시하는데 목적이 있다. 이를 위해 장애인고용패널조사 6∼8차년도 자료를 통합하여 사용하였으며, 연구결과는 다음과 같다. 첫째, 장애인근로자들의 좋은 일자리 지수는 64.24점이고, 남성인 경우, 30대와 40대의 장애인근로자, 신체장애인일 경우 비교적 좋은 일자리에서 근무하고 있었다. 특히, 대졸이상의 학력과 자격증을 보유한 경우 좋은 일자리 비중이 가장 높은 것으로 나타났다. 둘째, 좋은 일자리 진입에 영향을 미치는 요인은 인구사회학적 요인(성별, 연령, 배우자유무, 기초생활 수급여부, 총 가구원수, 주관적 사회경제적 지위), 인적자본 요인(학력, 자격증 보유여부), 장애 및 건강관련 요인(장애유형, 일상생활 타인도움, 주관적 건강상태), 복지서비스 요인(공적ㆍ사적이전 소득유무, 고용서비스 이용경험) 순으로 나타났다. 이러한 결과는 고용의 질에 초점을 둔 고용정책, 인적자본의 강화, 특정 장애유형에 대한 지원책 마련, 여성, 청년층, 고령, 주관적 사회ㆍ경제적 지위가 낮은 인구사회학적 계층별로 우선 개입하는 전략이 필요함을 시사한다. "
"우리 사회의 청년 니트(NEET) 특성과 차이가 있는 장애청년 니트의 특성과비노동력화에 영향을 미치는 요인을 분석하여, 장애청년 니트에 대한 개입정책에 기초자료를 제공하고자 수행되었다. 이를 위해 다양한 노동시장 이론과 선행연구 고찰을 통해 변수를 도출하고 실증적으로 분석하였다. 분석에 사용된 자료는 장애인 경제활동을대표할 수 있는 제7차 장애인고용패널(PSED)자료이다. 본 연구의 분석결과를 통해 첫째, 장애청년 니트는 낮은 인적자본 특성과 가구의 열악한 경제적 상태를 나타내는 등우리사회 전반적인 고학력 청년 니트와 다른 특성이 있음을 제시하였다. 둘째, 장애청년니트의 비노동력화에 영향을 미치는 요인을 인적자본모형, 통계적 차별모형, 사회적 자본모형, 심리모형에 따라 분석하고, 종합적 모델구성을 통해 ‘성별’, ‘장애정도’, ‘자아존중감’, ‘차별에 대한 인지 정도’를 장애청년 니트를 가장 잘 설명하는 요인으로 도출하였다. 이를 바탕으로 장애청년 니트는 일반 고학력 청년 니트와는 다르게 인적자본을 강화하는 정책이 밑바탕이 되어야 하고, 여성, 중증장애인에 대한 통계적 차별과 이로 인한낮은 자존감에 대한 심리적 요인에 대한 개입의 필요성을 제시하였다. "
"이 연구의 목적은 청년고용정책 모니터링 결과를 통해 정책적 대안을 개발하고 청년고용정책의 효과성을 체계적으로 분석하는데 있다. 연구의 주요 내용은 첫째, 청년고용정책 모니터링 지표를 활용하여 정책별 적합성을 분석하고, 둘째, 개별 정책에 대한 모니터링 리포트를 작성 및 분석하며, 셋째, 개별 정책 모니터링 결과 분석을 통한 청년고용정책 발전 방안을 개발하는 데 있다. 모니터링 지표별로 적합 정도 응답이 대부분이었으나, 모바일 및 오프라인 접근성, 정책 홍보 등은 보통 미만이었으며, 세부 결과는 정책 분야에 따라 상이하게 나타났다. 모니터링 리포트를 종합하여, 홍보 및 안내, 전달체계, 지원기관 역량, 지원내용 현실성, 정책운영 책임 등 5개 영역에 대한 모니터링 결과를 도출하였다. 정책 제언으로, 청년고용정책에 대한 홍보 및 안내강화, 지원내용 내실화 및 지원기관 역량강화, 청년의 삶의 질 향상과 연계될 수 있도록 정책운영의 책임강화 등을 제시하였다. 또한 지속적인 모니터링 운영의 필요성과 정부 차원의 관심을 제언하였다. "
" 청년내일채움공제와 유사한 목적으로 시행되고 있는 중앙정부 및 지자체 일자리 지원사업을 분석하여 청년내일채움공제의 확대 방안을 제시하는 데 있었다. 연구 목적을 달성하기 위해 사례분석, 개발연구, 전문가 검토 등의 혼합된 연구방법을 활용하였다. 확대방안 마련을 위해 청년내일채움공제와 유사한 성격의 중앙 및 지자체 사업, 사업간 연계가 이루어지고 있는 지자체 사례 등을 검토하였다. 확대방안으로는 중기청 내일채움공제사업과 연계하여 최대 7년까지 공제에 참여하는 중기청 연계형, 취업 전 인턴기간을 추가 지원하는 후방 연계형, 동일한 기간동안 공제금액을 추가로 지원하는 병렬형, 공제 기간 및 금액을 추가로 지원하는 전방연계형, 기업의 참여 없이 개인과 고용노동부와의 협약을 통해 이루어지는 개인 공제형 등의 방안을 제시하였다. 이 연구를 통한 정책적 제언으로는 첫째, 청년내일채움공제사업의 지원기간 및 금액 현실화, 둘째, 사업연계를 위한 유연화, 셋째, 공제 종료 후 계속 지원 방안 마련, 넷째, 장기근속 장려를 위한 추가 제도 마련 등이 필요하다. "
"문재인 정부는 국가균형발전을 위하여 지역이전 공공기관의 신규채용에 있어서 지역인재 채용을 확대하는 정책을 추진 중에 있다. 본 연구는 지역인재채용확대 정책의 효과적인 추진을 위하여 고려하여야 할 이슈들을 청년고용협의회의 취업준비생, 국회에 발의된 입법의안 분석, 언론 분석 등을 통하여 다음 4가지 이슈를 도출하였다. 첫째, 이전지역인재의 채용을 확대하기 위한 적정 제도의 선택과 적용방안, 둘째, 채용을 확대를 위한 적정 채용비율의 모색, 셋째, 지역인재 개념 확대, 넷째, 지역의 범위확대에 대한 대응 방안이 그것이다.
이렇게 도출된 주요 이슈에 대한 대응방안을 모색하기 위하여 3차에 걸친 전문가 FGI를 통하여 첫째, 기존에 지역인재 채용우대제도로 활용되고 있었던 3가지 제도(할당제, 목표제, 가점제)를 효과성과 수용성을 중심으로 분석하여 목표제가 적당하다는 것을 제시하였다. 둘째, 적정비율을 결정하기 위하여 기반이 되는 이전지역인재 채용률을 도출하고, 타 제도들을 벤치마킹하여 적정비율을 제시하였다. 셋째, 지역인재 개념의 확대가 법 재?개정 취지에 맞지 않음을 제시하였고, 마지막으로, 지역범위 확대가 역차별의 문제제기를 해소할 수 있는 보다 긍정적인 방향이라는 것을 밝히고 제도 운영부처의 노력이 필요하다는 점을 강조하였다. "
"청년 실업과 고용 문제의 대책으로서 직업훈련의 효과성을 분석하고 있다. 분석 결과, 직업훈련이 청년의 노동시장 진입에는 도움을 주고 있었지만, 정규직·대기업 취업 및 첫 월급 수준에는 영향을 미치지 못하고 있었다. 이러한 분석결과를 통해 본 연구는 우리나라에서 청년들의 직업훈련 경험이 양적인 측면의 성과는 거두고 있지만 질적인 측면의 성과는 부족하다고 평가하고 있다. 이에 따라 직업훈련의 질적인 성과를 높이기 위해서는 공공직업훈련의 일인당 투자 수준을 높이는 동시에 기업의 수요를 반영한 직업훈련과정을 개발하고 직업훈련 프로그램을 안정적으로 운영하여 참여자와 고용주의 직업훈련에 대한 인식을 개선해 나가야 한다는 정책적 대안을 제시하고 있다. "
"사회인지진로 모델(Lent & Brown, 2008)을 토대로, 청년 미취업자들이 미취업상태에서 경험하는 우울과 진로자기효능감과 취업 후 경험하는 직무만족도와의 관계를 검증하였다. 또한 우울과 직무만족도와의 관계에서 진로자기효능감의 매개효과를 검증하였다. 그리고 이 연구모형이 남녀 미취업 청년들에게 일반화가 되고, 우울, 진로자기효능감, 직무만족도에서 성차가 있는지를 알아보기 위해서 다집단 분석을 실시하였다. 이를 위해, 고용정보원이 청년층을 대상으로 진행한 청년패널조사(YP2007)의 2012년부터 2014년 패널 자료를 사용하여 연구 변인들 간의 관계, 연구모형의 합치도, 매개효과 검증과 다집단 분석을 실시하였다. 그 결과, 우울은 진로자기효능감을 통해서 직무만족도에 영향을 미쳤고, 직접적으로 직무만족도에 영향을 미쳤다. 또한 다집단 분석에서 남녀 간의 측정모형이 동일하였다. 요인평균에서 남자집단이 여자집단에 비해 우울이 통계적으로 유의하게 중간정도 높았고, 진로자기효능감은 통계적으로 유의하게 중간정도 낮았으며, 직무만족도는 통계적으로 유의하게 작은 정도로 낮았다. 마지막으로 본 연구의 제한점, 의의와 진로상담 및 정책에서의 시사점에 대해서 논의하였다. "
"취업선호도에 영향을 미치는 요인을 분석하여 청년실업 해소를 위한 정책방안을 제시하는데 있다. 청년 실업에 대한 기존 연구는 자존감, 사회적자본, 정보활용, 인생의 중요성 등 가치관이 취업여부에 영향을 미치는 것을 보여주지만, 이들이 취업선호도에 미치는 영향 연구는 알려진 바가 거의 없다. 이에 본 연구는 청년 취업선호도에 대해 (1) 자존감, (2) 사회적 자본, (3) 인생의 가치관, (4) 정보활용이 영향을 주는지 그리고 (5) 정보활용이 조절효과를 보여주는지 살펴보았다. 분석데이터는 한국교육고용패널 13년도 자료를 사용하여, 요인분석과 회귀분석을 통해 분석하였다. 분석 결과, “취업선호도”는 지역(1요인), 근무편의성(2요인), 선망직장(3요인), 학력학벌(4요인)으로 구성되며, 사회적 자본, 가치관, 정보활용은 학력학벌 취업선호도에 영향을 주는 것으로 나타났다. 특히 정보활용은 취업선호도 4가지 요인 모두에 (+), (-)의 영향을 미침으로써, 한국사회의 고질적 청년실업 문제를 긍정적으로 해결할 수 있는 기회를 제공할 수 있는 것으로 나타났다. 이에 정보활용에 의한 취업선호도 정책은, 1) 지역에 대한 정보활용 정책, 2) 근무편의성에 대한 정보활용 정책, 3) 선망직장에 대한 정보활용 정책, 4) 학력학벌에 대한 정보활용 정책을 고려할 수가 있다. "
"대한민국 헌법 제32조 제1항은 근로를 모든 국민의 권리로 규정하고, 이를 보장하기 위해 국가에게 고용 증진 노력 의무를 부여한다. 이에 따르면 모든 국민은 근로할 수 있는 권리를 보편적으로 보장받아야 한다. 만일 모든 국민들 중 어떤 특정 계층의 실업률이 두드러지게 높다면, 이들에 대한 국가의 고용 증진 노력이 미흡하거나, 노력의 방향 설정에 오류가 있음을 의미한다고 볼 수도 있다. 이 글은 청년고용정책 관련 법률 및 이에 근거한 사업들을 살펴봄으로써 현행 청년고용정책 방향의 타당성을 검토하였다.
법률에 나타나는 청년고용정책은 중소기업을 대상으로 하는 보조금 지원 및 청년을 대상으로 하는 직업능력개발훈련의 지원으로 구성된다. 중소기업에 보조금을 지원한다면, 그리고 청년구직자의 능력이 신장된다면, 청년취업이 늘어날 것이라는 생각이 전제되어 있어 보인다. 청년실업의 원인을 산업수요와 교육훈련의 괴리에서 찾고 있다. 이는 문제를 청년이 아닌 기업 관점에서 바라보았기 때문이다. 산업수요와 교육훈련의 괴리를 강조하면 할수록 효과성 있는 정책의 발견은 요원해진다. 전체 개인의 직업능력이 향상된다고 해서 일자리의 숫자가 늘어나는 것은 아니기 때문이다.
근로가 국민의 권리임을 상기한다면, 청년실업의 원인 또한 청년의 관점에서 바라보아야 한다. 이럴 경우에야만 청년들의 구직준비기간과 이직률을 줄여 청년실업률을 완화시킬 수 있는 정책이 나올 수 있게 된다. 청년의 관점에서 청년실업의 가장 큰 원인은 양질의 일자리 부족에 있다. 청년실업의 원인 중 하나로 이야기되는 학력 과잉 역시 양질의 일자리 부족에서 기인하는 청년들의 전략적 선택에 불과하다. 산업훈련과 교육훈련의 괴리 역시 일자리 부족을 전제로 청년들의 낮은 직업능력을 탓하는 것 역시 일자리 부족에서 기인한다. 따라서 청년고용정책의 방향은 양질의 일자리 공급으로 전환되어야 한다. "
"청년고용촉진특별법상 청년할당제와 관련하여 논의되고 있는 법적쟁점을 살펴보고, 이 제도의 적용에 따른 위헌성과 관련한 문제를 비판적으로 검토한다.
청년할당제는 공공부문에서 일정 비율의 청년을 의무적으로 고용하도록 하는 제도이다. 그러나 이 제도는 일시적으로 청년실업 문제를 해소할 수 있으나, 문제의 근원적인 구조를 시정하는 것이 아니므로 궁극적 개선책이 되지 못한다. 무엇보다 제도 시행의 결과 다른 연령층의 기본권을 제한하게 되거나 또는 그들을 차별하게 되는 결과를 가져오는 내재적 한계를 안고 있다. 이로부터 청년할당제의 위헌성 시비는 계속 제기될 수밖에 없다.
따라서 동 제도는 현행법에 따라 한시적으로만 적용되도록 하는 것이 타당하다. 그러나 청년 미취업자의 고용촉진정책은 청년실업 문제에 대응하고 지속적이고 체계적으로 이루어질 필요가 있으므로 해당 법률은 상시법으로 전환하는 입법적 고려가 요청된다. 아울러 고용의 양적 확대 뿐 아니라 현행 일자리의 질적 개선을 통해 청년 고용이 촉진 내지 증대될 수 있도록 하는 정책적 접근도 함께 이루어져야 한다. "
"근래 임금보조금은 청년고용을 증진하기 위한 정책도구로서 비중 있게 활용되고 있다. 하지만 청년대상 임금보조금의 실효성에 대해서는 많은 부정적 평가들이 제기되고 있으며, 이전과 크게 다르지 않은 임금보조금들이 새롭게 도입되고 있음에 따라 동 임금보조금의 실효성에 대한 정확한 진단이 필요하다.
현재 청년대상 임금보조금은 그 성과를 평가하는 데 있어 중요하게 고려되어야 할 기준이 명확하게 규정되지 않은 문제점을 가지고 있다. 따라서 본 연구는 청년대상 임금보조금의 성과기준을 규범적으로 규명함을 통해 본 임금보조금의 실효성 및 문제점을 진단하고, 이에 근거하여 동 임금보조금의 개편방안을 제시하였다.
‘양질의 청년고용 증대’라는 동 보조금의 정책목표를 효과적으로 달성하기 위해서 ‘사중손실 최소화’, ‘고용지속성의 제고’가 본 보조금의 핵심적인 성과목표로 설정되어 이 목표들이 성과지표에 반영될 필요가 있다. 이와 같은 성과기준에 근거하여 본 임금보조금의 실효성을 진단하면 높은 사중손실률 또는 저조한 실적 등의 문제를 보이며 대체적으로 낮은 수준인 것으로 고려된다.
청년대상 임금보조금의 실효성을 제고하기 위해서는 청년구직자보다는 기업에 더 많은 혜택을 주도록 설계된 동 보조금에 대한 대대적인 개편이 필요하다. 이러한 개편은 동 임금보조금이 ‘선택과 집중’의 원칙에 기초하여 지원이 우선적으로 필요한 미취업 청년과 기업에 동시에 혜택을 줄 수 있는 방향으로 설계되도록 추진되어야 한다"
"대학 졸업 후 노동시장에 신규 진입한 청년세대에서 나타나는 성별임금격차의 원인을 분석했다. 오하카(Oaxaca) 분해분석방법으로 ?대졸자직업이동조사(GOMS)? 데이터를 분석한 연구이다. 분석결과 첫째, 대졸자 남성과 여성의 인적자원의 차이는 거의 없고 인적자원이 성별임금격차를 발생시키는데 기여하는 비중은 7.1%이다. 둘째, 기업의 수요 측면에 따른 성별 분포의 차이는 임금격차를 발생시키는데 절반 이상(62.1%)의 비중을 차지하고 있다. 인문, 사회계열 등과 같이 여성졸업자 수가 많은 계열에서 나타난 고임금 일자리의 수요측면요인 성별분포차이는 남녀의 자질의 차이 보다는 여성에 대한 차별적 배제가 강하게 작용한 것으로 보인다. 셋째, 차등적 보상이 성별임금격차에서 차지하는 비중은 32.1%이다. 전문대 졸업자는 차등적 보상의 영향이 44.4%로 4년제 대졸자 집단에 비해 차등적 보상의 영향이 크다. 결론적으로 대학을 졸업한지 24개월 미만의 신규 대졸자에게서 나타나는 성별임금격차는 남녀의 자질의 차이보다는 여성에 대한 배제나 차등적 보상과 같이 차별의 효과로 볼 수 있는 측면이 더 크다.
청년세대에 나타나는 성별임금격차를 해소하기 위한 다각적 정책이 필요하고, 정부의 청년 고용정책에는 청년세대가 노동시장에 진입하는 단계에서부터 나타나는 고용형태 및 임금의 성별 격차를 해소하는 방향이 포함되어야 한다."
"본 연구는 청년실업에 대한 국가의 대응 양식에 대한 분석을 통해 프랑스의 청년고용정책의 정체성을 확인하는 것을 목적으로 한다. 이를 위해 행위자로서의 국가관점에 바탕을 두고 대응양식을 총 네가지로 구분했다. 그리고 청년고용정책의 정체성 확인을 위해 세가지 준거틀을 사용했다.
분석 및 연구 결과는 다음과 같다. 첫째, 적용대상의 표적화 측면에서 국내외적으로 알려져 있는 정책 혹은 제도 일부는 청년고용정책에 완전히 부합되지 못하는 것으로 밝혀졌다. 둘째, 청년하위집단의 성격에 부응하는 맞춤형 정책의 실시 측면에서 프랑스의 대부분 정책 및 제도는 청년집단을 하나의 집단으로 간주하고 있는 모습을 보이고 있다. 이는 연령대별 특성을 무시하고 있을 뿐만 아니라 니트 개념이 중요하게 생각하고 있는 하위 집단의 특성을 고려한 맞춤형 정책 및 제도 도입의 중요성을 간과하는 결과를 초래하고 있다. 셋째, 양질의 청년 일자리 창출 측면에서 프랑스 국가는 청년 일자리 창출에 강한 의지를 보여주고 있음에도 불구하고 이를 통해 창출된 일자리의 대부분은 기간제 등 취약한 성격을 보이는 한계를 노정하고 있다. 이상의 점들을 고려할 때 프랑스 청년고용정책의 정체성은 매우 약한 것으로 나타난다.
한편, 청년고용정책의 정체성 강화의 차원에서 프랑스 사례가 한국에 줄 수 있는 시사점으로 한국청년고용정책의 정체성 확립을 위해서 본 연구는 청년실업문제의 특징 및 심각성 확인을 위한 용어의 개발 및 이의 개념 정립의 필요성, 니트 개념의 유용성에 대한 정책적, 학문적 관심의 필요성, 동행조치의 실시를 통한 노동시장 취업애로 청년에 대한 후견인으로서의 국가 역할에 대한 관심이 필요함을 강조하고 있다. "
"본 연구는 청년실업에 대한 국가의 대응 양식에 대한 분석을 통해 프랑스의 청년고용정책의 정체성을 확인하는 것을 목적으로 한다. 이를 위해 행위자로서의 국가관점에 바탕을 두고 대응양식을 총 네가지로 구분했다. 그리고 청년고용정책의 정체성 확인을 위해 세가지 준거틀을 사용했다.
분석 및 연구 결과는 다음과 같다. 첫째, 적용대상의 표적화 측면에서 국내외적으로 알려져 있는 정책 혹은 제도 일부는 청년고용정책에 완전히 부합되지못하는 것으로 밝혀졌다. 둘째, 청년하위집단의 성격에 부응하는 맞춤형 정책의 실시 측면에서 프랑스의 대부분 정책 및 제도는 청년집단을 하나의 집단으로 간주하고 있는 모습을 보이고 있다. 이는 연령대별 특성을 무시하고 있을 뿐만 아니라 니트 개념이 중요하게 생각하고 있는 하위 집단의 특성을 고려한 맞춤형 정책 및 제도 도입의 중요성을 간과하는 결과를 초래하고 있다. 셋째, 양질의 청년 일자리 창출 측면에서 프랑스 국가는 청년 일자리 창출에 강한 의지를 보여주고 있음에도 불구하고 이를 통해 창출된 일자리의 대부분은 기간제 등 취약한 성격을 보이는 한계를 노정하고 있다. 이상의 점들을 고려할 때 프랑스 청년고용정책의 정체성은 매우 약한 것으로 나타난다.
한편, 청년고용정책의 정체성 강화의 차원에서 프랑스 사례가 한국에 줄 수 있는 시사점으로 한국청년고용정책의 정체성 확립을 위해서 본 연구는 청년실업문제의 특징 및 심각성 확인을 위한 용어의 개발 및 이의 개념 정립의 필요성, 니트 개념의 유용성에 대한 정책적, 학문적 관심의 필요성, 동행조치의 실시를 통한 노동시장 취업애로 청년에 대한 후견인으로서의 국가 역할에 대한 관심이 필요함을 강조하고 있다. "
"한국고용정보원의 청년패널2007 제3차∼제9차 년도 자료를 활용하여, 청년층 비정규직이 2년 후에 정규직으로 전환되는 결정요인과 성별 차이를 분석하였다. 고용형태별이행확률을 분석한 결과 2년 후 40.4%가 비정규직에서 정규직으로의 이행한 것으로 나타났으며, 남성(43.9%)이 여성(37.8%)에 비해 정규직 전환율이 6.1%p 높은 것으로 나타났다. 또한 비정규직에서 노동시장이탈(비경제활동인구 및 실업자)로의 이행은 여성(23.6%)이 남성(11.6%)보다 12.0%p 더 높은 것으로 나타났다. 청년층의 정규직 전환율은 분석기간이 길어질수록 증가하는 것으로 나타났으나, 정규직 전환율의 남녀 격차는 오히려 더 커지는 것으로 나타나, 여성의 비경제활동인구로의 이동이 정규직 전환율의 성별차이를 야기한 것으로 보인다. 정규직전환의 결정요인을 분석할 때, 미관찰 이질성으로 인한 내생성 문제를 통제하기 위해 상관임의효과(Correlated Random Effect) 프라빗 모형을 이용하였다. 한계효과 분석결과 남성이 여성에 비해 정규직 전환률이 10% 더 높은 것으로 나타났으며, Chow test 결과남녀 간 상관임의효과 프라빗의 계수값은 유의미하게 다른 것으로 나타났다. 분석결과의 강건성을 확인하기 위해 분석표본 및 분석기간을 달리하고 독립변수를 추가한 결과, 분석결과는 일관되게 남성의 정규직 전환율이 여성에 비해 더 높은 것으로 나타났다. 이러한 정규직전환에 있어 성별차이 중 일부는 여성의 노동시장 이탈, 특히 출산, 육아로 인한 비경제활동 인구화에 기인하는 것으로 보인다. 따라서 전반적으로 비정규직의 정규직화를 높이기 위해 노력해야 할 뿐 아니라, 남성에 비해 낮은 정규직화율과 높은 노동시장 이탈율을 보이는 여성에게 각별한 주의를 기울이는 정책이 양성평등제고와 저출산탈출을 위해 필요하다. "
"4학년 체육계열학과 졸업대상자를 중심으로 취업준비행동을 파악하고 현재 상황을 되짚어 전략적인 취업지도방안을 모색하는데 있다. 연구결과 분석을 위해 한국고용정보원의 2013 대졸자 직업이동조사 기초분석보고서를 비교대상으로 삼았다. 비확률표본추출법 중 편의표본추출법을 통해 경기, 서울, 충남에 소재하고 있는 4년제 5개 대학 체 육계열학과 164명을 조사대상으로 하였다. 그에 따른 기술통계, 빈도분석, 독립표본 평균 t-검증을 통해 자료 분석을 실시 하였다. 현재 4학년 체육계열학과 졸업대상자들은 교내 취업프로그램에 낮은 참여율을 보였으며 진로 및 취업프로그램과 적성검사에만 50% 정도의 참여경험을 나타냈다. 대학교육과 진로관련 지원에는 만족하고 있었지만 취업시설과 복지시설 의 개선이 필요하다고 하였다. 또한 전공과 관련한 국가전문자격증과 민간자격증을 취득한 것으로 파악되었다. 마지막으로 정부의 청년고용정책에는 실제 참여율이 낮은 것으로 조사되었다. 연구결과를 토대로 체육계열학과 특성에 맞는 전략적인 취업준비지도가 필요하다고 사료된다. "
"특성화고를 졸업한 후 취업을 선택한 청년여성들의 취업 이후대학진학 선택에 영향을 미치는 요인을 분석하였다. 분석 자료는 청년여성의후진학 경로를 추적하기 적합한 한국교육고용패널(KEEP)을 이용하였다. 또한고졸 취업자와 대졸 취업자 간의 임금격차가 후진학에 미치는 효과를 확인하기 위하여 경제활동인구조사 근로형태별 부가조사를 함께 이용하여 콕스비례위험모형(Cox proportional hazard model) 분석을 시행하였다. 분석결과, 고졸 취업자의 후진학 경로선택에는 고등학교 시기의 성적과 상용직여부, 4대보험 가입 여부 그리고 취업자가 경험하게 되는 학력 간 임금격차가 통계적으로 유의한 상관관계를 갖는 것으로 나타났다. 고등학교 성적이좋을수록 후진학을 선택하는 경향이 높으며, 상용직이 아니거나 4대보험이보장된 일자리에 종사할수록 이듬해 후진학을 선택할 확률이 높은 것으로나타났다. 아울러 다른 조건이 동일한 경우에는 취업자가 경험한 학력 간 임금격차가 클수록 후진학을 선택할 확률이 높아지는 것으로 나타났다. 이러한점을 종합하면, 특성화고를 졸업한 고졸 여성 취업자의 후진학 선택은 자신의학업능력과 일자리 상황에 영향을 받을 뿐만 아니라 일자리를 통해 경험하게 되는 대졸자와의 임금격차와도 밀접하게 관련되어 있음을 확인할 수있다. "
"노동시장의 이중구조를 보다 세밀히 파악하고, 외부자(outsiders)라고 불리는 불안정 노동자의 규모?근로수준?직군을 알아보는 것을 목적으로 한다. 이를 위해 퍼지셋 이념형 분석방법을 사용하여 노동시장은 임금수준?사회보장정도?고용안정성에 따라 8개의 이념형 노동시장으로 구분하고, 노동자는 성별?연령?숙련수준 및 직종의 조합에 따라 30개 그룹으로 나누었다. 이후 각 노동자 그룹이 어느 노동시장에 위치하는가를 확인했다. 우리나라 노동시장의 비중은 절대적 내부노동시장이 약 44%, 절대적 외부노동시장이 약 31%인 것으로 나타났다. 기존의 인식보다 내부노동시장의 규모가 크고 중간 수준의 노동시장도 25%가량 존재했다. 하지만 노동시장의 이중구조가 뚜렷하게 나타났으며, 두 노동시장 간 수준 차이 역시 컸다. 또한 노동자가 여성, 청년 및 고령이거나, 숙련정도가 낮은 직군에 종사하는 경우 외부노동시장에 위치할 확률이 큼을 확인했다. 과반의 여성, 84%의 고령자가 절대적 외부노동시장에 위치했으며, 단순서비스직에 종사하는 노동자의 경우 중년 남성을 제외하고는 절대적 외부노동시장에 위치하는 것으로 나타났다. 직군 중 연령과 성별에 따른 임금 격차가 가장 두드러지는 직군은 생산직이었다. 이에 따라 절대적 외부 노동시장 및 중간 수준의 노동시장에 위치한 이들을 위한 정부의 맞춤형 정책 및 추가 연구에 대한 필요성이 제기된다. "
"노동시장에 참여하고 있는 한국 청년의 불안정성이 얼마나 심각하게, 어떤 양상으로 나타나고 있는지 분석하는 것이다. 이를 위해 불안정성을 개념화하고 고용관계, 소득 그리고 사회보험 세 가지 측면의 불안정성을 모두 고려하는 통합적(holistic) 접근을 통해 노동시장의 불안정성을 측정하였다. 본 연구는 만 19세~34세의 청년 중 순수비경제활동인구만을 제외하고 임금근로자, 비임금근로자, 비경제활동인구 중 잠재실업자, 취업준비생, 니트족, 구직포기자까지 포함한 모든 청년들을 대상으로 하여 이들이 노동시장에서 겪는 불안정성을 분석하였다. 분석 결과, ‘매우 불안정한’ 청년과 ‘불안정하지 않은’ 청년의 규모가 증가하여 청년노동시장의 불안정성이 양극화 되는 경향을 볼 수 있었고 청년들의 불안정성에는 특히 소득 불안정성이 큰 영향을 미치고 있는 것으로 분석되었다.
패널로짓 분석을 통해 청년들이 불안정 집단에 속할 확률을 분석한 결과, 청년노동시장에서 가장 불안정하고 열악한 환경에 노출될 가능성이 큰 집단은 남성, 저연령, 저학력 집단이었고 직업적으로는 단순노무종사자, 서비스 종사자, 판매 종사자, 산업적으로는 교육 서비스업, 숙박ㆍ음식점업의 불안정 가능성이 가장 높게 나타났다. 따라서 본 연구는 중소기업 인턴제 등과 같은 고용 및 취업촉진 정책을 면밀히 재고해 볼 필요가 있으며 서비스업 일자리가 증가하는 작금의 상황에서 일자리 질 개선 논의가 선차적으로 필요함을 주장한다. "
"후기산업화시기의 청년빈곤 영향요인의 변화에 관한 알아보고자 한국노동패널 2차(1999년 소득자료), 17차(2014년 소득자료)자료를 활용하였으며, 청년빈곤 영향요인들의 변화를 분석하여 청년층 빈곤정책수립의 기초자료를 제공하는데 연구목적을 두었다. 연구결과 첫째, 과거에 비해 학력수준이 빈곤위험에 미치는 영향력이 줄어들어 인적 자본이론 등 개인주의적 관점의 빈곤이론으로 현대 청년의 빈곤을 설명하는데 한계가 있다는 점을 확인하였다. 둘째, 후기산업사회 노동시장특징의 확산으로 과거 무직일 경우 빈곤하였으나 현재는 과거와 달리 임시/일용직일 경우가 빈곤위험에 정(+)적 영향을 미치고 있었다. 이는 고용의 질이 낮은 서비스업 일자리의 확산이 청년빈곤에 영향을 미치고 있는 것임을 시사한다. 즉, 과거 청년빈곤은 개인주의적 관점에서 설명 가능하였으나 현재의 청년빈곤은 후기산업사회 노동시장의 구조적 특징인 불안정한 일자리 확산에 따른 것으로 청년빈곤의 영향요인이 변화한 것을 확인하였다. 따라서 청년들의 독립으로의 성공적 이행을 위해 실업 또는 불안정한 일자리로 인한 경제적 충격의 완화가 필요하며 이를 위해 실업보험 적용대상 확대, 실업수당의 급여수급율, 급여대체율 확대와 청년 기본소득 지급 등의 정책적 개입이 필요하다. "
"성남시 청년배당이 어떻게 만들어지고, 시행됐는지를 이재명 시장의 당파성을 중심으로 분석했다. 청년배당은 유례없는 청년실업난 속에 나온 청년 정책이자 기본소득을 목표로 하는 보편적 복지정책이다. 성남시에 거주하는 청년이라면 누구나 청년배당을 받을 수 있다. 그동안 청년들을 대상으로 하는 정부정책이 일자리대책에 머물렀다면, 청년배당은 청년을 복지의 대상으로 바라본다. 이 같은 정책이 중앙정부가 아닌 지방정부, 그것도 기초지자체에서 가능했던 것은 이재명 시장의 선명한 당파성 때문이다. 이재명 시장은 진보 성향의 더불어민주당 소속으로 특히 복지에 대한 철학과 의지가 확고하다. 이는 진보?좌파 정당이 보수 정당에 비해 복지?재분배에 관심이 많다는 당파성 이론(Dye 1984; Bradley 외 2003)에 잘 부합한다. 이러한 접근은 지금까지 지방정부의 복지 정책을 사회경제적?재정적 요인의 산물로 봐온 기존 연구들과 시각을 달리한다. 청년 실업은 전국적 현상으로 청년 정책에 대한 수요는 성남에만 국한된 것이 아니다. 그럼에도 성남시에서 이 같은 정책이 등장한 것은 이재명 시장이 청년 실업을 개인이 해결할 수 없는, 정부의 역할이 필요한 문제로 파악했기 때문이다. 증세 없이 정책 재원을 마련할 수 있었던 것도 이와 같은 문제의식에서 예산을 우선적으로 배분했기에 가능했다. 단체장의 의지와 철학은 중앙정부와의 갈등을 극복하는 데도 큰 역할을 했다. 중앙집권적 구조 및 제도에서 중앙정부는 지방정부 단체장의 당파성을 제약할 수 있는 주요 거부세력이다. 특히 복지 분야는 사회보장기본법을 통해 지자체가 새로운 복지정책을 추진할 경우 복지부와 협의할 것을 요구한다. 이재명 시장은 헌법이 보장한 지방정부의 자치권을 주장하며 중앙정부의 제약에 맞섰다. 중앙정부와 법적 분쟁은 해결해야 할 문제지만, 청년배당은 그간 지방정부 복지에서 소홀히 다뤄진 당파성에 주목할 필요성을 제기한다. "
"청년패널조사(Youth Panel)를 활용하여 청년실업자의 유형에 대한 세분화를 통하여 우리나라 청년실업자의 특징을 살펴보고, 이에 따라 정책적 시사점을 제시하고자 한다. 이러한 연구목적을 가지고 우리나라 청년실업집단을 세분화하여 분석한 결과, 구직활동 여부와 취업의사, 구직비활동 이유에 따라 구직형과 기회추구형, 단절형, 포기형 등 4가지 유형으로 구분되었다. 또한 청년패널조사(Youth Panel)자료를 통하여 각 유형별 분포를 보면, 2014년 기준으로 4가지의 유형 중에서 포기형이 가장 많은 비중을 차지하고 있는 것으로 나타났고, 그 뒤로 구직형, 기회추구형, 단절형의 순으로 나타났고 이러한 현상은 3년 동안 동일하게 나타나는 것으로 분석되었다고 설명할 수 있다. 따라서 이러한 분석결과를 가지고 볼 때 실제적으로 여러 가지 대책들 중에서 무엇보다도 청년실업자 중 다수를 차지하고 있는 취업의사가 없는 집단, 즉 포기형의 취업의사를 고취시킬 수 있는 방안의 모색이 시급하다는 것을 시사해 주고 있다. 또한 이들을 노동시장으로 진입시키는 노력이 없는 한 우리나라의 청년고용정책의 효과에 대한 의문은 지속적으로 제기될 것이다. "
"청년패널조사 자료와 이산선택모형을 이용하여 경남지역 청년의 취업상태에 영향을 미치는 요인을 파악하였으며, 경남지역 청년 취업자가 중요하게 생각하는 업무능력과 이에 대한 최종 학력의 기여도를 함께 분석하였다. 실증분석 결과, 경남지역 청년의 개인특성이나 가구특성은 취업 여부에 유의한 영향을 미치고 있지만, 청년의 취업준비활동은 통계적으로 유의한 영향을 미치지 못하는 것으로 나타났다. 효율적인 취업준비에 필요한 정보를 도출하기 위해 경남지역 청년 취업자를 대상으로 업무능력 중요도를 식별한 결과, 산업 특성에 따라 필요한 업무능력을 파악할 수 있었다. 하지만 이러한 업무능력의 향상에 대한 최종학교의 기여도를 분석한 결과, 경남지역 청년 취업자들은 스스로 배우는 능력, 변화적응능력, 전문지식 등을 제외한 업무능력 향상에 최종학교가 기여하는 바가 낮은 것으로 평가하고 있다. 본 연구는 경남지역 청년의 특성을 고려한 연구로서 청년의 취업준비활동에 유용한 정보를 제공하며, 나아가 경남지역 청년실업 관련 정책 수립에 필요한 기초자료를 제공할 수 있을 것으로 기대한다. "
"청년실업이 핵심 정책문제로 인식되면서 정부는 직접일자리사업을 포함하여 청년 대상의 다양한 취?창업 지원사업을 시행하고 있다. 특히 청년들에게 직접 일자리를 창출함과 동시에 이들의 국내?외 취업역량을 강화하기 위해 여러 기관에서 인턴형 해외일자리사업을 추진하고 있다. 하지만 인턴형 해외일자리사업의 성과와 실효성에 대해 여러 논쟁이 제기되고 있고, 사업성과에 대한 영향요인들도 다양하게 논의되고 있다. 이에 본 연구는 인턴십 과정모형을 토대로 인턴십 결정단계, 준비단계, 수행단계를 독립변수로, 인턴십 종료단계를 종속변수로 설정하여 농촌진흥청이 해외농업기술 개발사업의 일환으로 시행하는 국제농업인재 양성사업을 중심으로 정부의 인턴형 해외일자리사업의 성과와 영향요인을 실증적으로 분석하였다. 우선 직접 일자리사업의 전반적 현황을 검토하고 분석모형을 토대로 농촌진흥청, 외교부, 산림청의 인턴형 해외일자리사업을 비교하여 국제농업인재 양성사업의 특징을 파악한 후 설문 등을 토대로 사업의 성과와 영향요인을 분석하였다. 자료는 2013년 1월부터 2016년 8월까지의 연수참여자 전체를 대상으로 한 구조화 설문을 통해 수집하였고, 과거 및 현재 참여자 일부에 대한 심층면접결과도 분석에 활용하였다. 분석결과 인턴십 결정단계와 수행단계가 사업성과에 있어 중요한 영향요인일 가능성이 높은 것으로 파악되었다. 이러한 분석결과를 토대로 인턴형 해외일자리사업의 개선방안에 대한 시사점을 제시하였다. "
" 세계화와 기술발전이 청년의 NEET확률에 미친 영향력과, 이러한 영향력이 교육·노동시장·복지제도에 따라 어떻게 달라지는지 확인한 것이다. 본 연구는 사회구조적 차원의 변인이 청년개인의 NEET확률에 미치는 영향을 확인하기 위해 다수 국가의 다시점 개인자료를 결합한 다수준 선형확률모형(multilevel linear probability model)을 적용했다. LIS 데이터베이스에 수록된 OECD 22개국 1995년~2010년 자료 중 81개 데이터셋에 포함된 331,611명의 청년을 분석하였다. 분석결과는 다음과 같다. 첫째, 세계화와 기술발전이 청년의 NEET확률에 미친 독립적 영향력은 통계적으로 확인되지 않았다. 둘째, 그러나 세계화와 기술발전의 영향력은 다양한 사회정책 및 제도에 의해 영향을 받는 것으로 나타났다. 먼저 기술발전과 사회정책의 조절효과가 확인되었다. 구체적으로 단체협상 적용률이 높고, 실업급여 소득대체정도가 높을수록 기술발전이 청년NEET 확률에 미친 부적 영향력이 더 커졌다. 즉 청년NEET확률이 더 낮아졌다. 다음으로 세계화와 사회정책의 조절효과도 확인할 수 있었다. 직업교육 중심성이 높을수록 세계화가 NEET확률에 미친 부적 영향력은 상쇄되었고, 단체협상 적용률이 높을수록 세계화의 부적 영향력은 더 크게 나타났다. 이러한 결과는 세계화와 기술발전이 청년에게 미친 영향은 노동시장제도와 복지제도의 특성에 따라 다르게 나타날 수 있음을 보여주는 결과이다. 본 연구는 이러한 분석결과에 기초해 한국사회에 제공하는 정책적 함의에 대해 논하였다. "
"공공기관의 지방이전, 지역 청년 실업악화, 저출산 · 고령화에 따른 인구학적 변화 등의 외부적 동력과 새 정부 출범에 따른 지역균형발전 강화라는 정책 환경 변화는 국가적, 지역적 차원에서 지역인재육성에 대한 지역인적자원개발(RHRD)정책 운용을 절실히 필요로 하고 있다. 하지만 2010년대 이후 RHRD정책 지원이 축소되고 그간 RHRD 관련 연구는 실증적 분석보다는 정책 필요성, 거버넌스 구축 등을 다루는 문헌 연구들이 대부분이었다. 이에 본 연구는 RHRD 전문가들의 의견을 수집하여 지역인재육성을 위한 향후 RHRD 정책 방향 및 과제를 개발하고 우선순위를 실증적으로 제안하는 것을 목적으로 하였다. 본 연구목적을 달성하기 위해 RHRD 관련 전문가를 대상으로 1, 2차에 걸쳐 델파이 조사를 실시하였다. 델파이 분석 결과, 중앙정부 수준에서 RHRD 정책 방안은 총 17개가 도출되었고 그 중 `RHRD 계획 수행에 필요한 예산 확보`를 포함한 최우선 순위 5개, `지역인재의 수도권 유출 억제 정책마련`을 포함한 차순위군 2개가 확인되었다. 지방정부 수준에서 RHRD 정책 방안은 총 19개가 도출되었다. 그 중 `지역인재양성을 위한 예산 확보방안 마련`을 포함한 최우선 순위 7개,`RHRD 활성화를 위한 자치단체별 전담 공무원 인력 양성 및 배치`를 포함한 차순위군 2개가 확인되었다. 마지막으로 지역인재육성을 위한 RHRD 정책 활성화에 대한 논의 및 시사점, 그리고 본 연구의 한계점을 제시하였다. "
전 세계적인 경기침체로 인해 우리나라에서도 많은 문제를 겪고 있는데 이 중 청년층의 취업률 및 실업률 문제가 큰 문제로 부각되고 있다. 이를 위해 정부에서는 많은 정책을 수립하여 시행하고 있는데 이 과정에서 사용되는 기초데이터로 많이 활용되는 데이터는 고등교육기관 졸업자 취업통계 정보이다. 그러나 현재 고등교육기관 졸업자 취업통계정보는 정부차원에서의 정책 수립 및 평가에 주로 활용되고 그 내용이 취업자 수에 의한 양적 정보에 한정됨에 따라 실제 청년층의 취업률 제고에는 효과적으로 활용되고 있지 못하다는 지적이 있으며 일선 대학에서는 진로 및 취업 상세정보의 부재로 학생들의 진로 및 취업상담에 애로를 겪고 있다. 따라서 대학생의 진로 설계와 취업 지원을 위한 미래진로 빅데이터가 필요한 시점이며 이를 활용하여 청년층 실업문제를 과학적으로 접근하는 시도가 필요하다. 본 논문에서는 기존 고등교육기관 졸업자 취업통계조사를 개선하여 대학생 진로설계와 취업지원이 가능하도록 데이터를 수집하는 데이터베이스를 구축하고 정보의 수요자들이 손쉽게 본인의 진로를 결정할 수 있는 정보를 전달하는 정보시스템을 제안한다. 
"청년실업의 문제가 심화되고 장기취업준비생이 증가함에 따라 그들의 지원방안 수립이 시급하다는 문제의식에서 출발한다. 따라서 본 연구는 장기취업준비생의 취업준비활동과 이들의 취업스트레스 및 대처 양상을 파악하여 관련 정책 수립을 위한 근거자료 제공하고자 한다. 이를 위해 사례연구방법인 ‘사례 내 분석’과 ‘사례 간 분석’을 바탕으로 2년 이상 취업준비 중인 장기취업준비생의 취업준비활동을 분석하고 그 결과를 기존 청년실업 연구결과와 비교하여 이들만이 지니는 특성을 도출하였다. 연구결과로는 장기취업준비생은 자신의 욕구, 가정환경, 취업활동에서 겪은 경험 등에 따른 다양한 취업준비활동을 하고 있었으며, 이러한 취업준비활동 중에서 개인적 차원, 가족적 차원, 대인관계의 차원, 사회 환경적 차원에서 유사한 스트레스를 경험하고 있었지만, 사회적 지지 및 지원 정책으로부터의 도움 등 기존의 선행연구에서 취업스트레스를 완충하는 것으로 알려진 대처자원들을 획득하지 못하고 있었다. 이러한 결과를 바탕으로 본 연구는 취업스트레스에 대한 적절한 개입을 기반으로 하는 취업지원서비스의 확대 및 관련 서비스의 효과성 개선방안을 제언하였다. "
"대학졸업생들이 사회진출을 위한 취업탐색기간 및 직업선택과정에서 다양한 결정요인들의 역할을 실증적으로 분석하였다. 2016년도에 대학졸업생 1,931명을 대상으로 1년간 취업탐색기간을 결정하는 요인과 직업선택결정에 대한 요인을 실증적으로 살펴보았다. 분석결과를 보면, 먼저 다양한 요인들 중에서 우리나라 대학졸업생들의 초기 취업탐색기간에 결정적 영향을 미치는 결정요인으로 초기임금, 기업규모 그리고 성별의 차이로 나타났다. 둘째, 교육요인으로 분류되는 누적학점, 단과대학졸업은 취업탐색기간결정에 통계적으로 유의하지 않은 것으로 나타났다. 그러나 최종직업선택결정에서는 탐색기간결정요인들 이외 교육요인으로 학업성취정도가 결정적 요인으로 나타났다. 본 분석결과에 대한 정책적 시사점은 취업탐색기간결정에 사회적 요인들이 중요한 결정요인이고, 직업선택결정에서는 교육적 요인과 사회적 요인이 동시에 중요한 역할을 수행하는 취업탐색과 취업선택의 복합적 작동구조를 보였다. 이 분석결과는 청년실업을 대처하는 단일적이고 일원론적 접근보다는 취업전주기를 고려하는 복합적이고, 포괄적인 노동 및 교육정책접근방향이 제안된다. "
"고용노동부의 공공기관 및 지방공기업의 청년고용현황 조사, 국회의 공공기관 고용현황 조사, 알리오 (www.alio.go.kr) 및 클린아이 (www.cleaneye.go.kr) 등 4개의 데이터를 이용하여 공공기관 및 지방공기업의 청년채용비율 결정요인을 분석하였다. 종속변수인 기관별 청년채용 비율은 청년채용 여부와 청년채용비율의 크기에 대한 두 가지의 정보를 포함하고 있다. 즉 종속변수 가 일정한 영역에서만 관찰되는 중도자료를 갖는 형태로서 통상적 최소제곱추정은 편의가 발생할 뿐만 아니라, 일치추정량을 제공하지 못한다. 이런 문제점을 극복하기 위해 본 연구에서는 합동 토빗모형과 패널 토빗모형을 활용하였다. 분석결과를 요약하면 다음과 같다. 먼저, 합동 토빗모형에 비해서 패널 토빗모형이 통계적으로 유의함을 알 수 있었고, 2011년에 비해서 2014년과 2015년의 청년채용 비율이 증가하였음을 알 수 있다. 그리고 지방공공기관에 비해서 공기업의 청년채용비율이 유의하게 높았으며, 평균 보수액이 증가할수록 청년채용비율이 통계적으로 유의하게 낮음을 알 수 있다. 마지막으로, 신입직원의 평균보수액이 증가할수록, 정원대비 정규직비율이 증가할수록 청년채용비율이 유의하게 증가하였음을 알 수 있다. "
"교육부와 고용노동부는 현장중심 직업교육을 강화하기 위한 일환으로 특성화고 학생들이 학교와 기업을 오가며 이론과 현장실무를 배우는 ‘산학일체형 도제학교’ 제도를 도입하였다. 이와 같이 산학일체형 도제학교는 우리나라의 학교 중심 직업교육과 선진 외국의 산업현장 중심 도제교육의 강점을 접목한 새로운 중등단계 직업교육 모델로서, 학생은 졸업 후 구직 기간을 단축하고, 취업 후 직무 만족도 및 현장 적응력을 높이고, 기업은 우수한 기술·기능 인력을 조기 확보하여 기업 경쟁력을 강화할 수 있으며, 국가 전체적으로는 핵심 분야 산업인력을 확충하고, 청년 고용률을 제고할 것으로 기대된다. 2017년 현재 양적·질적으로 확대된 산학일체형 도제학교의 운영이 효율적으로 이루어지기 위해서는 도제교육 과정에서 인력 양성의 핵심 역할을 담당하고 있는 기업현장교사의 역량은 매우 중요하다. 그러므로 본 연구에서는 기업현장교사의 역량에 대한 인식 및 교육요구도를 학교 및 기업담당자를 대상으로 하여 비교·분석 하였다.
기업현장교사의 역량은 5가지로 살펴볼 수 있는데 도제교육 인식, 도제교육 계획 수립, 도제교육 실행, 도제교육평가, 직업교육기관과의 협업 등이다. 본 연구에서는 기업현장교사의 역량별 도제교육 운영 주체 간 인식 및 교육요구도를 살펴보기 위하여 SPSS를 통한 독립표본 t-검증, Borich 요구도, The Locus for Focus Model을 활용하였다. 그 결과 학교담당자와 기업담당자의 운영 주체에 따른 구분과 상관없이 기업현장교사 역량의 현재 수준은 그 중요도보다 낮게 나타났는데, 이는 기업현장교사 역량을 향상시키기 위한 교육에 대한 요구도가 높은 것을 보여주고 있다. 기업현장교사 역량별 교육요구도 분석 결과, 학교와 기업담당자의 요구도가 매우 유사하게 나타났다. 구체적으로 학교 및 기업담당자 모두 ‘도제교육 인식’과 ‘관련 직업교육기관의 협업’에 대한 교육요구도가 높았으며, 기업담당자의 경우 학교담당자와 비교하였을 때 ‘도제교육 평가’에 대한 교육요구도가 상대적으로 높게 나타났다. "
"인구변화로 인한 장기적인 노동투입의 감소는 노동공급규모의 지표에 따라 다를 것으로 전망된다. 현재와 같은 성별·연령별 노동공급패턴이 유지된다면 2050년의 취업인구와 총 노동시간은 각각 현재 수준의 88%와 83%로 감소할 것으로 예상된다. 인구변화로 인한 노동공급규모 감소정도는 장년 및 여성 고용 변화나 청년실업의 변화와 같은 노동공급의 장기적 변화에 크게 의존할 것이다. 노동수요가 장기적으로 어떻게 변화할지 확실하지 않기 때문에 인구고령화로 인해 노동공급규모가 크게 감소한다 하더라도 이것이 실제로 노동력 부족문제를 초래할지는 정확하게 알기는 어렵다. 또한 노동수요 변화가 일자리의 성격에 따라 다르기 때문에 노동수급사정이 산업별, 노동유형별로 큰 차이를 보일 것이다. 향후 10~15년 동안 전체 노동공급규모가 현재에 비해 줄어들지는 않을 것이지만 이미 노동인력의 고령화가 상당히 진행된 부문에서는 베이비 붐 세대 인구의 노동시장 퇴장이 미치는 영향이 클 수 있다. 특히 장기적으로 노동수요가 증가함에도 불구하고 신규인력이 충분히 진입하지 않아서 고령노동의 비중이 빠르게 높아지는 부문에서 이러한 노동부족 문제가 더 심각할 것이다."
