" 2014년 서울시 일자리 사업을 사례로 하여 젠더 및 세대의 교차적 관점에서 적극적 노동시장 정책을 분석하는 것이다. 본 연구는 일자리 사업을 수행한 각 부서에 작성을 요청하여 수집한 성별 일자리 자료와 직접일자리 사업 참여자 대상의 설문조사 자료를 분석했다. 본 연구의 주요 결과는 첫째, 일자리 사업유형과 예산에서 성별화된 특징이 나타난다. 직접일자리에서는 평균적으로 여성의 참여율이 남성보다 높은데, 그 이유는 재정지원 일자리 대부분이 민간 노동시장에서와 마찬가지로 단시간 저임금이라는 특징을 보이기 때문이다. 사업예산 규모가 큰 사업유형에서는 여성의 참여가 남성에 비해 낮다. 둘째, 서울시 일자리 사업은 유형 및 대상별로 불균등 현상을 보인다. 예산규모에 있어서는 청년층과 고령층이 가장 큰 수혜집단이라 할 수 있으며, 여성대상 사업의 실적은 다른 대상 사업에 비해 압도적으로 높지만 예산의 비중은 매우 낮다. 고령층은 자신의 인적자본 수준과 비교하여 서울시 일자리가 적절하다고 생각하며 만족도도 매우 높다. 셋째, 일자리사업 참여자들은 민간 노동시장의 불안정한 일자리-서울시 일자리 사업 참여- 불안정한 일자리로 이어지는 노동이력을 형성하고 있다. 특히 40-50대 미취업 남성들은 자신의 인적자본과 일자리 사업이 불일치된다고 평가하며, 취업능력 향상이나 의욕고취에서도 매우 낮은 만족도를 나타낸다. 여성은 일자리 사업 전후에 별다른 변화없이 낮은 노동시장 지위를 재생산하고 있다. 서울시 일자리 사업은 앞으로 성별, 연령, 인적자본 수준에 맞춰 기획될 필요가 있으며, 열악한 노동시장의 대안으로 기능할 수 있는 방안을 모색하는 과제를 안고 있다. "
" R. Castel의 임금사회와 사회권에 관한 이론을 분석하고, 그 함의와 정책적 시사점을 찾고자 하였다.

자유노동자가 중심이 된 임금사회는 18세기 말에 시작되어 20세기 후반에 서구 산업사회에 정착하게 된다. 그러나 1980년대부터 청년실업 등 실업의 증가와 고용불안정 현상의 확대로 인하여 위기를 맞고 있다.

Robert Castel은 이러한 어려움에도 불구하고 임금사회(Société salariale)는 유지할만한 가치가 있는 것이기 때문에 국가의 적극적인 시장 개입, 사회적 소유와 사회권의 개선을 통하여 지켜 나가야 한다고 주장한다.

R. Castel 이론의 특성은 서구 복지국가의 위기를 임금사회의 기반 약화 혹은 우리 사회의 미래라 할 개인화 사회(Société des individus)의 관점에서 분석하고 대안을 제시하고 있다는 점이다.

R. Castel의 임금사회와 사회권 이론은 사회보장의 문제를 노동자 개인의 경제생활 안전 보장의 권리적 관점에서 접근하는 것으로, 이 문제를 권리의 차원보다는 평등 가치나 기초소득의 보장이란 측면에서 접근하는 것이 일반화된 한국의 학계와 사회보장 정책진에게는 시사하는 점이 많다. "
" 청년 세대 위기에 대응하는 기존 정책들이 대부분 취업과 창업같이 경제적 삶의 수준 개선에만 치우쳐 있는데 이들의 삶의 질을 개선하기 위해 청년 여가권(餘暇權)에 대한 인식 제고 필요성을 밝히고 청년 여가권을 실현할 수 있는 방안을 찾아보고자 한다. 먼저 이 연구는 정부, 정치계, 학계 및 청년단체에서 제시하는 청년 정책들에서 여가정책이 부재하는 이유 세 가지를 제시했다. 우리 사회에 연령분리적 가치관, 여가권을 노동권 등에 비해 후순위 권리로 인식하는 경향, 청년 세대가 문화를 주도해온 주도세력이라는 고정관념이 팽배하기 때문에 청년 여가정책이 부재했다. 이 연구는 여가권이 하나의 시민권으로서 가지는 가치를 밝히고 여가권을 크게 여가자유권, 여가평등권, 여가참여권, 여가환경권으로 나누었다. 여가권의 실현이 청년 세대에 특히 중요한 이유를 제시했는데 첫째, 현대사회에서 노동영역의 삶이 낮은 고용률, 높은 이직률, 비정규직 증가 등으로 불안하게 됨에 따라 오히려 비노동영역(여가)의 삶 영역에서 지속성과 안정성을 갖추어 삶의 균형감을 가지는 능력이 필요해졌기 때문이다. 둘째, 불안정한 노동의 삶으로 늘어난 ‘강제적 여가’ 시간을 의미 있게 보낼 수 있는 능력이 필요해 졌기 때문이다. 청년여가권을 실현하기 위한 방안으로 첫째 청년 여가정책이 대학을 중심으로 이루어져야 한다는 것과 둘째, 청년시기 여가생활과 그 이후 삶 간의 관련성에 대한 연구를 축적하여 청년 세대 여가 교육과 여가권 실현의 중요성을 검증하는 연구들이 수행되어 대학교육 평가 항목에서 대학의 여가교육 부문이 포함될 수 있도록 하는 것이다. "
"1990년대 중반부터 본격화된 고학력화와 1997년 말 외환위기 이후 대졸 청년층이 선호하는 대기업, 금융부문, 공공부문에서 일자리 창출이 줄어들면서 청년층 고용이 심각한 사회현안으로 등장하였고, 노동시장의 비정규직화와 2008년 세계적 금융위기로 청년층 고용문제는 더욱 심각해지고 있다. 고학력화로 청년층의 노동시장 진입이 더뎌지고 있는 한편 근로조건 등에 대한 불만족으로 첫 일자리 이직이 늘어나면서 ‘고용률 70% 로드맵’(2013년)이나 ‘청년층 고용절벽 해소 종합대책’(2015년) 등 정책방안들이 제시되고는 있지만 근본적 해결책을 찾지 못하고 대졸자의 학교교육-노동시장 이행과정은 점차 어려워지고 있다. 본 연구는 『대졸자직업이동경로조사』(한국고용정보원)에 포함된 2010년 대학졸업자중 2011년 임금근로자로 취업하고 있고, 2013년 추적조사에 포함된 10,310명을 대상으로 로짓모형을 적용하여 이직의사 및 이직의 결정요인을, 다항로짓모형을 적용하여 자발적 이직과 비자발적 이직의 결정요인을 밝힌다. 일자리 만족도가 높을수록 이직의사와 실제 이직이 줄어들고, 특히 청년층에서 이직준비보다는 현재 일자리에서의 인적자 본투자에 집중함으로써 생애 인적자본의 수준이 높아질 개연성이 높다는 측면에서 일자리 만족도가 이직의사 및 실제 이직에 미치는 효과에 대한 분석이 중요하다. 주요 결과를 보면, 첫째, 일자리 만족도 또는 일 만족도가 높을수록 이직의사나 실제 이직 비중이 현저하게 낮아지고, 이직의사가 있을 때 이직 확률과 자발적 이직 확률이 높은 것으로 나타난다. 둘째, 이직의사의 결정요인을 추정한 결과, 시간당 임금, 근속기간, 근로시간, 기업 규모, 산업과 직종 등 일자리의 특성을 통제하였을 때, 일자리 만족도는 모든 수준에서 이직의사에 통계적으로 유의한 효과를 미치지만, 일의 수준도나 일의 기술수준도, 전공일치도는 부정적일 때에만 통계적으로 유의한 효과를 미친다. 셋째, 실제 이직의 결정요인을 추정한 결과, 이직의사가 실제 이직할 확률을 현저히 높이며, 일자리 만족도가 낮을수록 이직할 확률을 추가적으로 높인다. 마지막으로 이직을 자발적 이직과 비자발적 이직으로 구분하여 추정한 결과, 이직의사와 일자리 만족도는 비자발적 이직보다는 자발적 이직에 더 강한 효과를 미치고 있으며, 일자리 만족도를 가변수로 고려할 때, 자발적 이직에는 통계적으로 유의한 효과를 미치지만 비자발적 이직에는 전혀 효과를 미치지 않는 것으로 나타난다. 근로자의 이직에 따른 기업과 개별 근로자의 비용을 줄이기 위해서는 현재 일자리에서의 만족도를 높이는 방안이 강구되어야 할 것이다. "
"2004년부터 2013년까지 한국교육고용패널 조사 자료를 활용하여 대학 졸업자의 사회 초년기 임금 프리미엄을 분석하였다. 최소자승법을 사용해 임금함수를 추정한 경우 대졸과 고졸 학력의 임금 격차가 14.8%로 나타났으며 일자리 유형, 근무시간 등의 요인 및 시간 고정효과 등을 추가로 통제하였음을 고려하면 선행연구의 결과와 크게 다르지 않았다. 그러나 내생성을 해결하기 위해 하우스만 테일러의 도구변수 모형을 적용한 결과 대졸의 임금 프리미엄은 12.1% 수준으로 감소하였다. 대학교육으로 인한 인적자본의 축적에 따른 보상 및 신호효과는 대졸-고졸 간 임금격차의 81.8%를 설명하여 통상 알려진 것보다 대학 교육의 임금효과가 18.2%가량 낮은 것으로 나타났다. 한편 관측 기간 동안 학력이 변동한 청년 임금근로자는 그렇지 않은 임금근로자에 비해 낮은 수준의 대졸 임금 프리미엄을 누리는 것으로 분석되어 선취업 후진학의 경우 대학 교육의 이수가 인적자본의 축적에 기여하는 정도, 또는 시장에서의 보상 수준이 상대적으로 낮음을 시사하였다. "
"2013년 정년연장이 법제화되어, 베이비붐 세대가 노령기로 진입하는 2016-17년에 단계적으로 적용 될 전망이다. 이 연구는 정년연장 법제화로 베이비붐세대 중 얼마나 혜택을 받으며, 실제로 누가(어떤 특성의 집단) 혜택을 누리게 될 것인가에 대한 실증적 분석을 제공하고자 하였다. 이와 같이 정년연장 혜택의 귀착 규모 및 특성을 분석함으로써, 이 연구는 정년연장 정책의 파급효과와 영향을 파악하는 데 목적이 있다. 정년연장은 상근 정규직근로자에게 적용될 수 있는 제도이다. 따라서 베이비붐 세대의 경제활동상태 와 노동이력을 추적하여, 정년연장 혜택을 받을 가능성이 높은 상근 정규직근로자로 생존하게 되는 집 단의 규모와 특성을 분석해 보고자 하였다. 이를 위해 한국노동패널조사 4차(2001)부터 17차(2014)까 지 패널자료를 활용하여, 생존분석을 통해 베이비붐세대 중 상근 정규직근로자 생존확률을 분석하였다. 생명표 분석결과, 베이비붐세대 중에서 정년연장 혜택을 받을 수 있는 비율은 11.4%에 불과했고, 75.3만명 규모로 추정되었다. Kaplan-Meier 생존분석과 Cox 비례위험 회귀분석(Cox proportional hazards regression model) 결과, 고학력일수록, 여성근로자에 비해 남성근로자의 경우 정규직 생 존확률이 높았으며, 공공 및 정부기관 종사자가 민간기업 종사자에 비해 정규직 생존확률이 높았다. 100인 이상 규모의 기업에 근무하는 경우, 노동조합이 조직되어 있는 곳에 근무하는 경우 정규직 생 존확률이 높았다. 이는 정년연장 혜택이 안정적 고용집단인 특정계층에게 집중되는 계층화 효과, 젠더 편향 효과를 보여주는 것이다. 이는 격차확대 위험을 시사하며, 청년층이 선호하는 괜찮은 일자리에서 의 일자리 경쟁과 세대갈등 가능성을 시사한다. "
"20년간 노동시장의 위축으로 인해 청년세대가 고용불안과 저임금으로 work-poor 세대가 되면서 빈곤화, 취업과 결혼 및 출산을 포기하고 있는 사회적 현상을 규범주의 관점에서 분석한다. 정부가 청년세대의 고용안정과 일·가정양립을 위한 대책들을 마련하고는 있으나 노동공급측면에 치중하고 있다. 그리고 청년세대를 개인의 역량부족과 직업의식의 문제를 가진 세대로 정형화하고 있다. 정부의 청년실업대책은 주로 청년인턴·기업체험프로그램·해외인턴프로그램·취업역량강화 프로그램 등을 투입하고 있다. 그러나 이러한 정부의 노동시장정책은 양질의 일자리는 줄어들고 저임금에 비정규직 및 계약직 근로자만 양산하는 결과를 낳고 있다. 이에 본 논문은 구조적인 측면에서 양질의 일자리 창출, 비정규직 채용비율의 제한, 마찰적 실업을 줄이는 방안 등을 제안하였다. 그리고 청년복지정책은 청년세대의 구매력을 높이는 주거수당, 양육수당 및 아동수당의 도입을 제안하였다. 이론적 배경으로는 청년세대가 연령규범에 대한 설명과 함께 능력에 따른 분배의 정의와 필요에 따른 분배의 정의를 결합하는 균형화전략과 실업개념의 재정립에 대해 설명하였다. 청년세대의 특성과 생애주기에 따른 욕구(needs)를 고려하는 한편 수요의 소득탄력성을 적용하여 지원액을 결정하는 것이 청년세대를 위한 사회적 형평성을 강화한다. 마지막으로 청년세대를 위한 사회적 형평성 제고 방안은 지금까지 공급주의의 관점에서 벗어나 청년세대의 구매력을 높이는 방향으로 전환하여야 우리나라가 소위 ``전환함정``에서 벗어나 중진국에서 선진국으로 이동할 수 있다는 결론을 유도하였다. "
"IMF 외환위기 이후부터 청년실업은 지속적인 사회적 문제로 대두되고 있다. 청년실업률은 전반적인 실업률이 증가하는 가운데에서도 전체 실업률보다 더 큰 폭으로 증가하고 있다. 또한 최근 청년층의 일자리가 크게 감소하여 취업난이 심각한 수준이며, 학교교육(대학, 전문대학, 고등학교)을 마치고 난 이후에도 취업하지 않고서 유휴화되는 비중이 매우 높은 수준에 이르고 있다. 이러한 상황에서 청년층을 위한 정책 두 가지가 논란이 되고 있다. 성남시의 ‘청년배당’과 서울시의 ‘청년수당’이 그 것이다. 이 두 정책은 모두 중앙정부(보건복지부)와 갈등을 빚고 있다. 특히 서울시의 경우는 국가를 상대로 권한쟁의 심판을 헌법재판소에 제기하였고, 정부(보건복지부)는 서울시의회를 상대로 대법원에 제소를 한 상황으로 법정다툼이 진행되고 있다. 하지만 논쟁의 핵심은 따로 있다. 중앙정부는 지자체의 포퓰리즘이라고 비판하고 나아가 중앙정부의 고용정책과의 중복을 우려하고 있다. 이에 반해 서울시는 ‘지방자치단체가 그 주민들에게 그 정도도 못해주느냐’며 반박하고 있고, 중앙정부의 고용정책과 중복되지 않는다고 주장한다. 양측 모두 일면 타당성이 있는 주장이라 생각된다. 하지만 청년수당제도가 시범사업이라는 것을 기억할 필요가 있다. 이 사업이 정말 청년들에게 도움이 되는지, 긍정적인 효과가 나타나는지에 대한 검토가 필요할 것이다. 그래서 긍정적인 측면이 많이 부각된다면 대상을 확대해 나가면 될 것이고, 반대로 그렇지 못하다면 정책을 축소 또는 폐지하면 될 것이다. 중앙정부와 지방자치단체의 복지재정 집행은 갈등의 대상이 아니라 협력과 분업이 필요한 대상이라 생각된다. 정책을 제대로 시행해보지도 않고 부정적인 측면만을 강조한다면 이로 인한 손실은 고스란히 국민들에게 돌아갈 것이 자명하기 때문이다."
"경력단절 여성의 분석 범위를 `청년층`으로 한정하여, 그들의 경력단절에 영향을 미치는 요인을 중점으로 분석하였다. 분석자료는 한국여성정책연구원이 수집한 「여성가족패널」1-4차 자료(2007-2012년)이며, 청년층 여성의 경력단절 양상을 집중적으로 살펴보기 위해, 1차년도 자료에서 직업력 정보, 특히 경력기간을 확인할 수 있는 20-34세의 청년층 여성을 대상으로 4차년도까지의 자료를 활용하였다. 분석방법은 생존분석 중, 경력단절 여부와 기간에 영향을 주는 요인을 분석하기에 적합한Andersen Gill Model을 적용하여, 경력단절이라는 사건 발생에 영향을 주는 요인들과 위험률을 확인하고자 하였다. 분석 결과, 청년층 여성은 종사하는 일자리의 사업체 규모가 100인 이상의 대규모인 집단에 비해, 10인 미만의 소규모일수록 경력단절의 위험률이 약12배 정도 높은 것으로 나타났다. 종사상 지위를 반영한 일자리 유형별로는 시간제나 비정규직 일자리와 같이 전일제나 정규직에 비해 일자리의 안정성이 불리한 경우, 경력단절을 겪을 확률이 높아지는 것으로 나타났다. 또한 결혼 경험에 의한 경력단절 위험률도 확인되었다. 청년층 기혼여성들은 비혼여성에 비해, 경력단절 위험률이 약 14배로 매우 높은 것으로 나타나, 결혼이 청년층 여성에게는 경력단절을 위협하는 요소로 작용함을 확인하였다. 이는 자료의 여성 응답자들이 기재한 자녀의 출생년도와 경력이 단절된 시점간, 혹은 경력유지자의 경우 관찰시점 간의 검토를 통해, 출산 시기 전후 1년 동안에 겪는 경력단절의 위험률이 유의미하지 않은 결과를 나타냈다는 점에서, 현행 경력단절 여성 대상 정책이 청년층의 임신, 출산 이전 시점에서의 경력단절 예방 정책으로서는 미흡함이 있음을 의미한다. 이러한 연구결과는 청년층 여성이 경험하는 일자리의 질을 개선해야할 필요성을 함의한다. 노동시장에 초기 진입한 청년층 여성이 소규모 사업장에서 일할수록, 시간제나 비정규직 일자리를 경험할수록, 동시에 결혼을 경험할수록 경력단절을 경험할 위험이 높다는 점에 주목하여, 여성이 중간관리자로 성장하기 전에 노동시장에서 이탈하는 현상에 대한 개선정책과 심층 연구의 필요성을 제기한다. "
"고령사회로의 진입을 눈앞에 두고 있으며, 인구구조의 급속한 고령화로 인한 수많은 변화가 가시화되고 있다. 고령화시대 노인복지의 문제는 이제 더 이상 소수자의 문제 내지 잠재적 문제가 아니라 국민 대다수가 겪고 있는 현실적 문제가 되었다. 노인의 생계보장 내지 소득보장과 관련한 문제, 노인의 삶의 질 보장을 위한 정신적•문화적 활동의 문제, 노인의 건강과 영면의 문제는 우리 모두의 당면과제가 되고 있는 것이다. 그 중에서도 노인인구 비율의 증가에 따른 국민건강보험의 개혁은 고령화시대 핵심적 과제의 하나로 부각되고 있다. 한편으로는 노인인구 비율의 증가에 따른 국민건강보험의 개혁 내지 보장성의 강화가 요청되는가 하면, 다른 한편으로는 그에 따른 국민건강보험 재정의 위기가 우려되고 있으며, 과연 이를 어떻게 해결하느냐에 따라서 고령화시대가 ‘건강하게 오래 사는 시대’가 될 것인지, 아니면 ‘오래 살아서 힘든 시대’가 될 것인지를 판가름될 수 있을 것이다.
사회보장제도의 확충이 일반적으로 그러하듯이 노인복지의 강화 또한 상응하는 재정적 부담을 전제한다. 국민건강보험의 경우 노인들의 건강을 지키기 위한 추가적인 부담의 대부분을 경제활동인구에 속하는 젊은 세대가 져야 하며, 이는 세대간의 갈등 요인이 될 수 있다. 그런 가운데 보험급여의 확대에 대한 요청은 커지는 반면에, 보험료 인상에 대한 저항은 만만치 않다.
그러나 이에 대한 준비가 –우리나라보다 먼저 고령화를 겪은 서구의 선진국들과 비교할 때- 충실한 것으로 보기 어렵다. 고령화의 속도는 어느 나라와도 비교할 수 없을 정도로 빠른 반면에 공적 의료보장체계의 개혁은 지지부진한 것이다. 논의는 많지만 구체적인 변화의 방향과 방법에 대한 합의는 없다. 그 원인 중 가장 중요한 것으로 다음의 세 가지를 들 수 있다.
첫째, 고령화로 인한 사회적 변화에 적절하게 대응하기 위해서는 다양한 정책적 수단이 거시적 관점에서 유기적으로 연결되어야 하는데, 그동안 미시적인 접근이 대부분이었다. 예컨대 노인의 건강보장을 위해서는 의료보장뿐만 아니라 소득보장, 주거보장, 사회적•문화적 활동의 지원 등이 유기적으로 연결되어야 하는데, 소득보장이나 주거보장 등의 문제가 제대로 해결되지 않으니, 의료보장과 관련한 기준의 정립 자체가 어려운 것이다.
둘째, 최근 다양한 사회보장수요가 대두하면서 복지를 위한 재원조달의 문제가 심각해지고 있다. 특정 분야에 대한 선택과 집중의 필요도 있을 것이지만, 전체적인 재원의 부족 문제가 –특히 한계성장이 가시화되고 있는 상황에서- 장기화되고 있음으로 인하여 적극적이고 과감한 재정지원을 통한 문제해결이 어려워지고 있는 것이다.
셋째, 그런 가운데 재정수입의 확대방안 및 재정지출의 우선순위와 관련한 갈등이 더욱 날카로워지고 있다. 부자증세를 둘러싼 논란이라던가, 경제활성화를 위한 예산투입의 문제, 복지예산의 규모와 그 안에서의 우선순위 등 갈등이 적지 않으며, 특히 노인복지의 문제와 청년실업문제는 세대 간 갈등으로 번질 우려조차 없지 않다.
이런 상황 속에서 노인 의료보장의 문제를 해결할 수 있는 솔로몬의 지혜를 찾는 것은 쉽지 않다. 노인 의료보장 내지 이와 관련한 국민건강보험의 개혁처럼 의견의 충돌과 이해관계의 대립이 뚜렷한 사안의 경우 어떤 현명한 정책도 반대를 피할 수는 없기 때문이다. 하지만 그 정책결정이 민주적 합의에 기초한 절차적 정당성을 확보할 경우에는 갈등과 마찰을 최소화할 수 있을 것이다. 이 논문에서는 향후 고령화 시대에 노인 의료보장의 실질화를 위한 국민건강보험의 개혁방향에 대해 검토하였다. 그러나 개혁의 내용에 못지않게 중요한 것이 개혁에 대한 국민적 합의임을 결코 간과해서는 안 될 것이다. "
"고령화가 가속화되면서 생산가능인구가 2016년 정점에 이른 후 그 수가 급격히 하락하는 인구절벽에 직면해 있다. 반면 고령인구의 비중은 빠른 속도로 높아지면서 부양비의 상승속도는 가속화되고 있어 급속한 인구고령화가 경제ㆍ사회 전반에 미칠 수 있는 부정적 영향을 최소화할 필요성이 우리 사회에서 점점 커지고 있다. 이에 따라 본고에서는 급속한 인구고령화의 원인 및 추이를 짚어보고 이러한 고령화 현상이 노동시장 및 경제성장률에 미치는 영향을 분석하여 그 결과를 바탕으로 정책적 시사점을 도출하였다. 우리나라의 급속한 인구 고령화는 2000년대를 기점으로 총인구의 14%를 차지하는 거대한 인구집단인 베이비붐 세대가 핵심생산인구에서 비생산가능인구로 점차 이동하면서 기인한 측면이 크다. 급속한 고령화가 노동시장 및 경제성장에 미치는 영향에 대해 시나리오 분석을 수행해 본 결과, 고령화에 따른 주 고용층 비중 하락 등으로 고용률 및 노동생산성 증가율이 둔화됨에 따라 향후 연평균 GDP 성장률은 2% 초반대로 하락할 것으로 분석되었다. 이에 따라 향후 고용률 및 노동생산성 제고를 동시에 성취할 경우에만 향후 3%대 이상의 GDP 성장률을 유지하는 것으로 나타났다. 이상의 실증분석 결과는, 급속한 인구고령화에 대응하여 향후 3~4%대의 견조한 경제성장률을 유지하기 위해서는 노동시장 퇴장이 임박한 베이비붐 세대 뿐만 아니라, 청년층ㆍ여성 등 유휴노동력의 고용률 및 노동생산성 제고 노력이 함께 이루어질 필요가 있음을 시사한다. "
"고용 및 실업의 문제는 개인의 주된 생계수단인 근로소득에 직접 영향을 줄 뿐만 아니라 지속적인 경제성장과도 밀접한 관련이 있으므로 실업률의 관리를 통한 노동시장의 안정은 경제정책의 주요 목표 중 하나였다. 그러나 최근 급증하는 실망실업자, 구직단념자, 청년실업자로 인해 실업률만으로는 노동시장을 파악할 수 없다는 비판이 지속되어 왔다. 이에 따라 정부는 2017년까지 고용률 70% 달성을 정책 목표로 여성·청년 등 비경제활동인구의 고용제고와 일자리 창출 등을 세부과제로 선정하여 고용률 제고를 위한 노력을 경주하고 있다. 이러한 정부 정책에 호응하여 각 지자체에서는 자체적인 고용정책을 수립하여 집행하고 있다. 그러나 국가단위의 정책은 지역간 이질적인 노동시장과 불완전한 노동이동을 고려하기 어렵기 때문에 정책의 성공적인 집행을 위해서는 지역고유의 노동시장의 특성을 분석할 필요가 있다. 충북지역의 경우 관측기간 동안 제조업의 비중이 다른 지역보다 10%p 정도 높으며, 제조업 중에서도 수출 주력산업인 전자부품, 컴퓨터, 화학, 의약품과 같은 산업의 비중 역시 다른 지역보다 10%p 높다. 본 논문에서는 이러한 지역적 특징을 기초로 비관측 요소 모형과 경험적 모드 분해법을 이용하여 단기적 경기변동과 장기적 구조변화를 추출한 뒤 이를 분석하여 정책적 시사점을 제공하고자 한다. "
"고용노동부 고용보험DB상의 피보험자 자료를 이용해 고용보험에 가입한 문화·예술·디자인·방송 관련직의 직업이동 현황과 그 요인을 분석하였다. 2009∼2014년 5년간 고용보험에 가입한 문화예술직 근로자 전체의 31.6%가 직업이동을 한 경험이 있어 타 직종에 비해 직업이동비율이 높다. 또한 타 직종과 달리 남성과 청년층의 직업이동 확률이 높다. 나아가 대기업과 비수도권 근로자의 직업이동 비율도 상대적으로 높은 것으로 나타났다. 고용보험에 가입한 문화예술직 근로자의 직업이동 후 임금수준은 이동전에 비해 다소 감소하는 것으로 나타났으며 문화예술직으로부터 단순직으로의 하향직업이동의 경우 임금수준이 더 큰 감소폭을 보이고 있다. 이는 고용보험가입 문화예술직 근로자들이 임금수준을 향상시키기 보다는 낮은 임금수준을 받더라도 고용유지 수단으로서 직업이동을 활용하고 있음을 의미하는 것이다. 즉, 임금수준을 막론하고 문화예술직 근로자의 경우 고용불안시 고용보험 비가입 사업장에 비해 근로조건이 상대적으로 양호한 고용보험 가입 사업장에서의 고용유지를 위한 수단으로 직업이동을 선택하고 있음을 시사한다. "
"고용노동부는 2013년에 한국형 일학습병행제를 도입하였다. 일학습병행제는 독일과 스위스 등에서 운영하는 도제 제도를 한국의 실정에 맞게 도입한 것으로서, 청년들에게 NCS 기반의 일과 학습을 병행하기 위한 기업 주도의 직업교육훈련 제도이다. 아울러 정부에서는 직업교육 및 훈련기관을 위하여 NCS 및 NCS 학습모듈을 개발하고 있다. 이 연구에서는 CIPP모형을 기반으로 하는 일학습병행 교육훈련 프로그램의 평가 모형을 개발하였고, 일학습병행 교육훈련에 참여하는 기업 및 공동훈련센터를 대상으로 프로그램의 성과를 평가하였다. 성과 평가의 대상은 144개의 기업, 59개의 공동훈련센터이다. 기업용 일학습병행 교육훈련 프로그램의 평가 영역은 교육훈련 목표 및 비전, 교육훈련 역량, 프로그램 운영 및 관리, 프로그램 운영 성과의 네 영역으로 나누어서 세부 항목을 개발하였다. 성과 평가를 실시한 결과, 단독기업형, 자격연계형, 24개월 미만의 훈련기간, 10명 미만의 학습근로자수로 운영되는 기업이 많은 것으로 나타났다. "
"대졸 청년층의 내일배움카드제 참여현황을 살펴보고, 참여경험이 대졸 청년층의 노동시장 성과에 미치는 영향을 분석하였다. 이를 위해 2012년 대졸자직업이동경로조사 자료를 활용하였으며, 다중회귀분석과 이항 로지스틱 회귀분석을 사용하여 분석하였다. 분석결과, 내일배움카드제에 대해 들어본 경험이 있는 경우는 2,707명(27.6%)이며, 이중 실질적으로 참여한 사람은 695명(25.7%)으로 나타났다. 내일배움카드제의 참여경험이 노동시장 성과에 미치는 영향을 분석한 결과 참여경험은 취업여부와 고용형태(정규직취업)에 있어 긍정적인 유의미한 영향을 미치는 것으로 나타난 반면, 월평균임금에 있어서는 긍정적인 영향을 미치지 못하는 것으로 나타났다. 이를 바탕으로 연구결과의 함의를 도출하고, 내일배움카드제의 정책 효과성 향상을 위한 정책 과제를 제안하였다. "
"대학 등 교육 기관은 국민이 자주적인 생활능력과 민주시민으로서 필요한 자질을 구비할 수 있도록 기본적인 교육 기능을 수행할 뿐 아니라 현실적으로 기업에 필요한 청년 인력을 공급하는 기능을 수행한다. 그러나 우리나라의 청년실업 문제가 매우 심각한 상황임은 주지의 사실이다. 본 연구는 교육 분야에 대한 세제지원 방안을 연구하되 청년 실업의 관점에서 접근하였다. 즉 청년 실업 문제에 대한 정부의 세제지원이 세금으로 청년 고용 인력의 인건비를 지원하는 성격이 많다는 점과 대부분의 세제 지원이 청년 인력의 수요자인 기업을 위주로 한 정책이라는 문제의식에서 출발 하여 청년 인력의 공급자인 교육 분야에 주된 초점을 맞춰 세제 지원 방안을 제시하였다. 연구 결과는 다음과 같다. 첫째, 교육 분야가 산업체의 수요에 부응하는 양질의 청년 인력을 공급하려면 교육 분야로 하여금 재정을 확충하도록 동기를 부여해주는 세제지원이 필요하다. 이를 위해 수익용 부동산 대체 취득 시 법인세를 비과세한다. 그리고 대학이 50% 이상 출자한 법인의 대학에 대한 기부금을 100% 손금으로 인정해주고 있는바, 여기 에 사립중고등학교 법인도 포함시키며 지방소재 대학이나 특성화 고등학교 등에 대한 기부 시 동 금액의 50%를 추가로 손금으로 인정한다. 둘째, 특성화 고등학교 졸업생 등에 대한 세제상의 우대를 통해 이러한 학교들의 활성화를 유도해야 한다. 이를 위해 고용창출투자세액공제의 추가공제금액의 한도 계산 시 특성화 고등학교 등 졸업생이나 청년 등을 채용한 기업을 우대한다. 그리고 기업소득 환류세제 과세 시 이익을 유보시키는 대신 임금을 증가시키는 경우 이들에 대해 가산율을 적용하여 증가임금을 계산한다. 셋째, 숙련기술자를 우대하는 세제지원을 통해 이들을 육성하는 교육 분야의 활성 화를 유도해야 한다. 이를 위해 숙련기술자에 대해 일정한 금액의 근로소득을 비과세 하며 숙련기술의 자격 취득을 위한 각종 기능대회 참여 경비 등을 일반 연구 및 인력개발비에 포함시킨다. 넷째, 교육 분야의 기능이라 할 수 있는 연구의 활성화를 유도하는 세제지원이 필요하다. 먼저 교육 분야에서 구입하는 연구용기자재에 대해 부가가치세를 완전 면제한다. 그리고 연구개발업 자체 종사자의 연구 및 인력개발을 목적으로 취득하는 부동산에 대해서도 지방세 감면혜택을 부여한다. "
"대학생들의 취업스트레스가 우울감과 자살생각에 미치는 영향 및 취업스트레스 와 우울감의 자살에 대한 상호작용효과를 분석하기 위한 것이다. 최근 대학생들의 취업어려움은 대학생들의 스트레스를 가중시키는 긴장유발요인으로 작용할 것으로 보인다. 이 연구에서는 Agnew의 일반긴장이론에 기초하여 취업스트레스가 부정적 감정의 한 단면인 우울감을 유발하고 다시금 자살 생각에 영향을 미칠 것이라 가정한다. 연구목적 달성을 위해 대구시 소재 K대학 재학생 448명을 설 문조사하여 통계분석을 실시하였다. 통계분석 결과 취업스트레스는 우울감을 예측하는 상당히 중요한 변인으로 파악되었으나 자살생 각에는 직접효과가 미약한 것으로 나타났다. 즉 이 연구의 가설대로 우울감을 통해 취업스트레스가 자살생각에 간접영향을 미치는 것으로 보인다. 특히 취업스트레스 하위변수들 중 심리취업제약인지 는 우울감과 상호작용하여 자살생각에 영향을 미치는 것으로 파악된다. 즉, 취업스트레스를 심리적 으로 많이 받고 있는 것과 동시에 우울한 경우 다른 대학생들 보다 자살생각을 더 많이 하는 것으 로 나타났다. 설문응답자들의 인구사회학적 특성(성별, 연령, 학년, 전공)은 취업스트레, 우울감, 그 리고 자살생각과 관련성이 있는 것으로 파악되는데 특히 여자대학생, 4학년은 우울감을 많이 느끼 며 이공계열 학생들은 상대적으로 우울감이 덜 한 것으로 나타났다. 또한 4학년들이 심리적인 취업 제약인지를 많이 하고 있으며 자살생각 역시 상대적으로 많이 하는 것으로 나타났다. 결과적으로 볼 때, 대학생의 취업스트레스는 전반적으로 우울감을 야기하며 자살생각으로 이어지는 것으로 보인다. 이에 청년들의 취업스트레스는 청년들의 정신건강에 상당히 부정적인 영향을 미치며 향후 자살과 같은 부정적 행동 가능성도 높이는 것으로 보여 청년실업 해소를 위한 정책적 대안 마련이 시급해 보인다"
"본 연구는 국내 청년 실업의 문제가 대졸자에게 집중되어 있다는 점에 주목하여 대졸자가 안정 적으로 노동시장에 정착하기 위한 방안을 모색하는데 목적이 있다. 이에 본 연구는 정책적으로 가장 취약한 집단 중 하나인 2·3년제 전문대와 4년제 이상 대학교를 졸업한 미취업자를 대상으로 졸업 후 4년 동안 노동시장으로 어떻게 이행해나가는지 유형화하고 이러한 유형에 미치는 요인들을 확인하였다. 청년 대졸 미취업자의 노동시장 이행유형을 분석하기 위해 청년패널조사 (YP2007) 1차년도(2007)부터 8차년도(2014)까지 8개년의 자료를 이용하였고, 본 연구의 모형을 노동시장 이행 유형화 분석 단계와 유형 특성 분석 단계로 구성하였다. 1단계인 집단중심추 세분석 결과 총 4개의 유형, ① 니트형(21.9%), ② 느린 노동시장 진입형(27.7%), ③ 빠른 노동 시장 진입형(41.3%), ④ 노동시장 이탈형(9.1%)이 도출되었다. 2단계 연구모형에서는 인구통계 학적 변수, 가구 변수, 대학생활 변수, 졸업 전 구직 변수에 대하여 각 유형별 차이 검증을 실시 함으로써 각 유형의 미취업 원인에 대해 분석하였다. 분석 결과를 토대로 각 유형에 적합한 맞춤형 정책을 제시하고 있다. "
"선행연구를 통해 밝혀진 이공계 기피현상의 원인을 토대로 이공계 전공생들을 위한 정부부처 및 지자체 운영사업과 과학기술 인재정책에 대해 살펴보고, 그에 따른 이공계 전공자의 원활한 노동시장 이행을 위한 고용촉진 전략방안을 제시하는데 목적이 있다. 이에 고용촉진을 위한 전략과 과제들은 다음과 같다. 첫째, 이공계열 대학생에게 맞춤형 취업상담 서비스를 제공하고, 둘째, 대학의 이공계열 취업 인프라를 보강하여 대졸 청년 고용서비스 기반을 마련하고, 셋째, 장기적 관점에서의 이공계열 청년실업 예방 및 지속적인 고용가능성 향상을 위한 교육체제를 혁신하며, 넷째, 이공계열 대학생의 취업을 조기에 강화하기 위해 대학의 취업센터를 중심으로 대학 전반에 걸친 취업역량을 강화하는 것이 필요하며, 다섯째, 과학기술인력의 양성뿐만 아니라 과학기술인력의 성장과 발전에 역점을 둔 과학기술인력 정책의 재편 요구, 여섯째, 정책의 계획에서부터 입안, 실천의 단계까지 과학기술에 대한 깊은 이해와 해박한 지식을 갖춘 이공계 출신의 전문인으로 구성된 정책 입안자(고위공직자)의 비율을 높이는 것이 필요하다. "
"소셜벤처는 창의성과 혁신성을 가지고 영업활동을 통한 수익을 기반으로 취약계층에게 사회서비스를 제공하거나 취약계층 대상의 일자리를 제공하는 등 국민의 삶의 질을 높이는 사회적 목적을 추구하는 진취적인 사회적기업 모델로서 사회적기업의 발전을 위한 그 원동력으로 작용될 가능성이 높다. 최근 창의적 비즈니스 아이디어로 사회문제를 해결하려는 소셜벤처와 같이 사회적기업에 대한 청년들의 관심이 증가되고 소셜벤처와 관련되어 일자리가 확산되는 등 혁신적인 모델을 통한 사회적기업의 사회적 역할과 기능이 확대될 것으로 기대되고 있는 추세이며, 사회적기업과 관련된 공공기관들에서도 이같은 추세에 따라 각종 다양한 정책들을 제시하고 있는 실정이다. 이러한 흐름에 따라 본 연구에서는 혁신적인 아이디어와 창의성을 가진 소셜벤처에 대한 체계적인 지원을 통하여 혁신적인 사회적기업 모델로 진화하여 보다 진보된 사회서비스의 제공과 청년실업 해소에 기여할 수 있는 소셜벤처의 지원정책에 대한 분석을 통해 소셜벤처의 특수성에 적합한 실천적인 전략을 제시하고자 하는데 연구의 목적을 두었다. 현재 진행되고 있는 소셜벤처 지원현황과 문제점에 대한 분석을 통하여 소셜벤처의 특수성에 적합한 소셜벤처를 활성화하기 위한 정책적인 방향성에 대한 방안을 제시하였다. "
"스타트업(start-up) 기업의 창업성공률 제고를 위해 정부의 공공정책적인 측면으로 중소기업진흥공단(이하 중진공)에서 운용중인 청년창업사관학교에 입교한 스타트업기업을 대상으로 하여정부에서 지원하고 있는 융자금융 및 투자금융 등 창업금융 및 성과를 살펴보았다. 민간금융 차원에서는 스타트업 기업의 활성화를 위한 또다른 전제조건중 하나인 벤처캐피탈 및 엔젤투자 현황 등에 대해서도 간략히 살펴보았다. 또한 글로벌 경기불황의 장기화 및 불확실성에 따른 신성장 산업 육성 및 실업율 해소 강구 방안이 각국의 주요 이슈로 부각되고 있는 상황에서, 대안중에 하나인 스타트업기업 육성이 집중 조명되고 있다. 선진국에서도 이러한 위기의식을 가지고 실업률 제고 및 성장동력으로서 스타트업과 밀접한 관련이 있는 정책인자들을 개선 및 보완하고 있으며, 기술력이 우수한 예비창업가 및스타트업기업 육성에 지대한 관심과 적극적인 지원을 하고 있다. 이러한 스타트업기업 육성이 활발하게 추진되고 있고, 선도적인 육성시스템을 보유한 미국, 핀란드의 스타트업기업 창업금융 지원시스템사례에 대하여도 살펴보았다. 따라서 스타트업기업의 창업성공률에 영향을 미치는 다양한 요인 중에서 창업금융이 미치는 영향과이를 효율적으로 활용할 수 있는 정책적 방안을 제시코자 하였다. 이에 본 연구에서는 구체적인 스타트업기업의 창업성공률 제고를 위한 창업금융의 효율적 운영방안으로서 우선, 역량 있는 지역엔젤클럽의육성을 통한 창업금융 재원 마련이 필요하며 둘째, 스타트업 아이디어의 사업화를 위한 “공공 크라우드펀드” 마련 셋째, 창업활성화를 위한 다양한 네트워크 구축 및 DB 강화 넷째, 스타트업 창업자들의 기업가 정신 고취를 위한 시스템 구축 및 강화 필요 마지막으로, 스타트업기업 기술이전 전담조직 체계재구축 및 강화 등 정책적 운영방안을 제시하였다. 또한 본 연구에서는 창조산업생태계 조성과 지원을 위한 스타트업기업에 대한 창업금융의 구체적인운영방안을 살펴보았다. 특히, 청년스타트업기업을 지원하고 있는 창업지원정책 중에서도 창업금융지원체계의 구축을 위해서는 금융지원의 양적 증가도 중요하지만 질적 측면의 기술혁신 평가를 통한 자금지원 확대, 부처 간 유기적인 협조, 중앙정부와 지방정부간의 원활한 협조를 통한 효율적인 자금공급확대 등으로 창업금융지원의 토대 마련이 필요하다. "
"오늘날 한국사회가 직면한 다양한 사회적 문제(social problem) 가운데 대졸청년층의 노동시장으로의 이행 실패에 대한 문제의식에 기반하고 있다. 따라서 ‘무엇이 노동시장으로의 이행의 성공과 실패를 결정짓는가’ 라는 연구질문을 중심으로 ‘보다 좋은일자리(decent job)’로의 이행에 대해 분석하였다. 특히, 인문사회계열과 자연과학계열로 분석대상의 세분화를 시도하여 차후의 정책적 대안 마련에 적실성을 확보하고자 하였다. 이를 위한 분석방법으로는 데이터마이닝(data mining) 근사 의사결정나무모형과 로짓모형을 활용하였다. 특히, 유의미한 다양한 독립변수 간의 상호작용(interaction) 패턴에 대한분석을 시도하여 개개인 가지고 있는 다양한 상황과 특성들에 적합한 개별적 개입 방안을 마련하는 근거를 제시하고자 하였다. 분석결과, 인문사회계열 대졸 청년층의 노동시장으로의 이행에는 ‘성별’.‘공인영어성적’.‘전공만족도’.‘자격증’.‘교내취업교과목’.‘GPA’ 등이 주요한 요인으로 도출되었다. 다음으로 자연과학계열 대졸 청년층의 경우에는 ‘전공만족도’.‘성별’.‘직접고용정책’.‘GPA’ 등이 도출되었다. 결과적으로 본 연구에서는 전술한 분석결과를 토대로 대졸 청년층의 노동시장으로 이행에 대한 정책적 함의를 제시하며 향후 관련 정책설계 및 대응방안 구축에 기여하고자 하였다. "
"외환위기 이후 최고치를 기록하고 있는 청년실업률과 2%대의 경제성장률로 인하여 근로자 및 구직자들의 인적자원개발의 중요성은 커지고 있다. 그 결과 고용정책기본법,근로자직업능력개발법, 고용보험법에 따른 직업능력개발훈련은 근로자 및 구직자들의 고용안정을 위하여 국가의 핵심 과제가 되었고, 그에 따라 직업능력개발훈련 지원금의 규모역시 증가되었다. 그런데 국가가 고용촉진 및 고용안정의 목적으로 국민들에게 지원하는 직업능력개발훈련 지원금에 대한 부정수급의 문제 역시 같이 증가되었고, 지원금의 정산,반환, 능력개발훈련 참여 제한 등과 관련된 분쟁도 늘어났다. 직업능력개발훈련 지원금은 그 지급절차에 따라 약정형, 인정형, 카드형으로 분류할수 있는데, 카드형의 경우에도 인정된 훈련과정에 한하여 인정되는 것이므로 인정형의 한형태로 볼 수 있고, 인정형은 약정체결 단계를 제외하고는 약정형과 유사하다. 약정형은 훈련기관으로 선정, 훈련기관과 고용노동부장관 사이에 약정 체결, 훈련 실시 및 지원금지급, 지원금 정산 순으로 이루어진다. 우선 직업능력개발훈련 지원금의 근거 법령인 고용정책기본법, 근로자직업능력개발법, 고용보험법, 청년고용촉진특별법 등의 각 규정을 고려할 때 훈련기관에게 직업능력개발훈련 지원금의 지급청구권은 인정된다고 할 것이고, 훈련기관의 신청에 의하여 훈련기관으로 선정하거나 훈련과정을 인정하는 것은 쌍방적 행정행위라고 할 것이다. 훈련기관과 고용노동부장관 또는 권한을 위탁받은 수탁기관 사이에 체결하는 직업능력개발훈련사업의 약정은 공법적 효과를 발생시키는 것으로 공법상 계약에 해당하고, 고용노동부장관의 지원 제한, 지원금 반환, 추가징수의 성격은 행정처분이라고 보아야 할 것이다. 그런데, 법원과 중앙행정심판위원회에서는 수탁기관의 약정해지, 지원금 반환청구, 훈련참여 제한 등을 처분으로 보는 경우도 있고, 처분으로 보지 않는 경우도 있어 국민들의 권리구제에 혼란을 주고 있다. 법원과 중앙행정심판위원회에서 직업능력개발훈련사업 약정해지 및 지원금 반환에 대하여 처분성을 부정하는 근거는 관계 법령에서 수탁기관에 대한 위탁 범위를훈련과정의 인정, 직업능력개발훈련사업 비용 지원 등으로 한정하고, 지원금 반환, 추가징수 등에 관한 사항은 위탁 범위에서 제외하고 있다는 점이다. 그러나 고용보험법령에서는 수탁기관에게 선정취소 및 지원제한 등의 행정제재 권한을 부여하고 있으므로 행정제재 권한의 존부로 처분성을 구별하는 것은 타당하지 않다는 점, 직업능력개발훈련사업 약정에서는 훈련기관에게 이행보증보험을 체출할 의무를 부여하고 훈련기관에 대한 지원금 반환 문제가 발생할 경우 보증보험을 청구하게 되므로 훈련기관 입장에서는 실질적으로 반환명령과 유사하다는 점, 직업능력개발훈련 지원금에 관해서 허위나 거짓으로 훈련에 대한 보고를 한 경우 형사적⋅행정적 제재를 받는다는 점, 훈련기관 입장에서는 약정해지에 관하여 민사소송에서 승소하더라도 제재처분을 받을 위험 성이 여전히 존재한다는 점 등을 고려할 때 수탁기관의 약정해지, 지원금 반환청구, 훈련참여 제한은 항고소송의 대상이 되는 행정처분에 해당한다고 할 것이다. 직업능력개발훈련 지원금 관련된 분쟁의 통일적 해결을 위해선 입법적으로 지원금 지급, 반환청구, 지원 제한 등의 사무를 전부 위탁하는 방법과 독일 재교육지원법 제26조에서와 같이 재판관할을 입법화하는 방법을 고려할 수 있다. "
"우리나라의 지역노동시장권을 대상으로 청년 대졸자의 노동저활용에 영향을 미치는 개인 수준과 지역노동시장 수준의 요인들을 도출하고, 각 요인이 지니는 효과를 실증적으로 분석하는 데 있다. 이를 위해 실질적인 노동력 활용 정도를 반영할 수 있는 노동저활용 개념을 사용하여 청년 대졸자의 노동력 활용을 정의하였다. 또한 이론적 검토를 바탕으로 청년 대졸자의 노동저활용에 영향을 미치는 개인 특성 요인과 지역노동시장 특성 요인을 도출하고, 각 요인의 효과를 다층로지스틱모형을 통해 실증적으로 분석하였다. 분석을 위한 개인 수준의 설명변수를 구성하기 위한 자료로는 한국고용정보원의 ‘대졸자직업이동경로조사’ 자료를 사용하였으며, ‘2012 한국직업사전’과 ‘지역별고용조사’ 자료를 통합하여 지역노동시장 수준 변수를 구성하였다. 분석 결과에 따르면, 성별, 전공 계열, 미취업 기간, 혼인 여부, 가구주 여부 등 개인 수준에서 측정되는 인구사회학적 요인들뿐만 아니라 각 청년 대졸자가 소속된 지역노동시장의 학력과잉 비율과 노동 수요 자급률 등 지역노동시장 수준의 고용환경 요인들 역시 노동저활용을 설명하는 데 중요한 설명 요인으로 작용하는 것으로 나타났다. 이와 같은 분석 결과는 노동저활용을 해소하기 위해서는 취업 정보와 직업훈련의 기회를 제공하는 등 개인 수준에서의 정책도 중요하지만, 지역노동시장 수준의 고용정책을 함께 활용할 필요가 있음을 의미한다. 또한 단순히 지역노동시장 내 일자리의 양을 증가시키기 위한 접근보다는 일자리의 질적 수준을 향상시킬 수 있는 고용창출 정책의 수립이 중요하다는 정책적 시사점을 제공한다. "
"이 연구는 고용정보원에서 조사한 청년패널조사(YP2007) 1-4차년도 데이터를 이용하여 고등학생의 아르바이트 참여 여부 및 시기에 대한 실태를 확인하고, 이에 영향을 미치는 요인들을 분석하고자 수행되었다. 콕스비례위험모형을 이용하여 연속시간 생존분석을 실시한 결과, 대다수의 학생들은 고등학교 재학 시기에 아르바이트를 경험하지 않고 있으며, 아르바이트에 참여하는 학생들은 대체로 고 1~고2 시점의 여름방학에 집중되고 있는 것으로 확인되었다. 또한 가구소득에 따른 차이를 확인한 결과, 가구소득이 하위 25%에 해당하는 고등학생들이 보다 빠르게 아르바이트에 참여하는 것으로 나타났다. 이러한 고등학생 아르바이트 참여는 지역규모가 클수록 그 시기가 늦어졌으며, 중학교 3학년 때의 성적이 낮은 학생일수록 고등학교 입학 이후 아르바이트를 보다 빨리 경험하였다. 한편 중학교 3학년 성적이 아르바이트 참여에 미치는 영향은 전문계고 학생들보다는 일반계고 학생들에서 두드러지게 나타났다. 아울러 학교생활 만족도는 아르바이트 참여에 부정적인 영향을 미치는 반면 교우관계가 좋을수록 아르바이트에 참여할 가능성이 높아졌다. 이상의 분석 결과를 통해 교육기회나 결과에 있어 열악한 환경에 속한 학생들일수록 아르바이트 참여 가능성이 높았으며, 이는 대다수의 학생들이 학업에 열중하는 한국사회에서 아르바이트 참여 학생들의 학습결손을 심화시킬 수 있음을 확인하였다. 이를 바탕으로 청소년의 아르바이트 환경을 개선하고, 청소년 아르바이트가 이들의 향후 진로계획에 유의미한 경험이 될 수 있는 방향으로 개선될 필요가 있음을 제언하였다. "
"이 연구는 중소기업의 일자리 인식 전환과 일자리 미스매치 해소 방안을 도출하기 위해 첫째, 청년 구직자와 중소기업 재직자들이 지니는 중소기업에 대한 인식과 가치는 어떻게 유형화되며, 인식유형별 특성은 무엇인지, 둘째, 인식 유형에 걸쳐 나타나는 공통점과 차이점을 살펴보는데 목적이 있다. 주관적인 신념, 관점, 선호에 대한 접근을 위해 질적 연구방법인 Q방법론을 활용하였으며, 조사된 자료의 분석은 PC용 QUANL 프로그램을 사용하였다. 분석결과, 중소기업이 주는 개인적 혜택과 삶의 가치 추구 가능성, 중소기업의 사회적 인지도 평가에 있어 유형 간 차이를 보이고 있다. 본 조사에서 밝혀진 4개의 인식 유형은 “긍정적 평가 유형"", “부정적 평가 유형”, “개인적 실리 추구 고평가 유형”, “중립적 평가 유형”으로 분류되었다. 중소기업에 대한 인식은 기존의 연구에서 밝혀진 것 보다는 긍정적인 측면이 많이 나타났으며, 인식의 유형은 이분법적인 시각보다 다양할 수 있다는 점을 시사하고 있다. 이에 따라 중소기업은 구직자 유형별 차별화된 전략을 가지고 접근을 해야 할 필요성이 제기되었다. "
"이명박 정부의 특성화고 활성화 정책 이후 광주지역 특성화고를 졸업한 고졸 여성청년층의 진로･취업 현황을 분석하고, 광주지역 여성청년층 고용문제 및 개선방안을 모색한다. 이를 위해 광주지역의 고졸자 취업현황을 살펴보고, 여성청년층의 진로 및 취업에 관한 경험을 인터뷰했다. 최근 4년간 특성화고 졸업자 취업현황을 성별통계화하여 분석한 결과, 취업률과 초임 연봉수준에서 여성들이 상대적으로 더 높은 것으로 나타났다. 그러나 고용안정성은 여성들이 상대적으로 더 낮았으며, 여전한 성별직종분리체계 속에서 제한적인 취업을 하고 있는 것으로 나타났다. 또한 특성화고 취업률이 해마다 상승하고 있는 것과는 별개로, 남성과 여성 모두 초임 연봉수준이 점점 하락하고 있는 것으로 나타났다. 즉, 취업의 양적 측면이 아닌 질적･문화적 수준에서 특성화 고등학교 졸업자들이 차별받고 있을 가능성이 매우 높다. 면접대상자인 청년여성들이 대학 진학이 아닌 취업을 선택하는 데에는 정부의 특성화고 활성화 정책인 고졸자제한경쟁제도가 결정적인 영향을 미친 것으로 나타났다. 여성들은 학교가 제공하는 다양한 진로-취업 준비활동에 참여하였으나 그러한 활동이 졸업 후 직장생활에 실질적인 도움이 되지 못하는 것으로 나타났다. 또한 취업자들의 노동시장 진입과 직장유지에 영향을 미치는 요인은 불균형한 노동관계, 임금, 노동환경, 노동강도, 사내복지와 같은 노동조건 등이 복합적 영향을 미쳤다. 그러나 노동시장의 불균형과는 모순적으로 학교 교육은 ‘인성교육’을 강조하는 모습을 보였는데, 이는 수월한 노동시장 진입과 경력유지를 위한 것으로 정당화되지만 학생들의 노동권 인식을 방해할 가능성이 있다. 면접대상 여성들은 직장 생활을 하면서 나이, 학력 등으로 인한 차별을 받기도 하였으며, 업무에 있어 문제가 발생하였을 때 공식적인 시스템을 통해 해결하기보다는 비공식적 네트워크나 개인적 전략을 이용하여 해결하는 모습을 보였다. 특성화고 졸업 청년여성층의 경력유지를 위해서는 장기적인 전망을 가진 직업교육 및 성별･계열별 특성을 고려한 취업역량강화프로그램이 필요하다. 또한 불균형한 고용노동시장과 노동관계를 개선하기 위한 고용정책 및 사회참여 프로그램 제공이 중앙정부와 지자체 정부 차원에서 함께 이루어져야 할 것이며, 청년층 내부의 차이를 고려한 지원체계가 필요하다."
"인구절벽시대에 직면해 있는 광주 · 전남 지역에서 타 지역으로의 인구유출은 고질적인 문제로 인식되고 있다. 이러한 배경하에 본 연구는 광주 · 전남지역의 인구이동 현황을 연령별, 지역 간 이동 유형별로 검토하고, 광주 · 전남지역과 타 지역의 두 지역(pair) 간 인구이동에 관한 이원오차성분모형 분석을 통해 인구이동 결정요인을 분석한다. 먼저, 광주 · 전남지역 인구이동 현황을 살펴본 결과, 광주 · 전남지역의 인구유출은 주로 20대에서 발생하고 있으며, 40~50대에서는 2010년을 전후하여 수도권으로의 유출이 수도권에서의 유입으로 전환된 것으로 나타났다. 이어서, 인구이동 결정요인을 분석한 결과, 연령대가 낮을수록 고용여건의 영향을 크게 받는 것으로 밝혀졌다. 특히, 청년층은 일자리의 질에 의해 영향을 받는 것으로 파악되었다. 또한, 연령대에 상관없이 삶의 질과 연관 있는 제반요인(전세가격, 문화서비스 혜택, 교육여건 등)이 영향을 미치고 있었다. 특히, 주거비용 부담이 커질수록 해당지역에서는 인구유출이 확대될 가능성이 높게 나타났다. 따라서 인구유출 최소화 내지 인구유입 활성화를 위해서는 지역에 소재한 대학의 경쟁력 강화, 중견기업 육성정책의 활성화, 주택수급정책의 안정화, 그리고 문화기반시설의 고도화가 필요하다. "
"일본의 비정규직은 1991년 거품경제 붕괴 이후 장기불황, 저출산 고령화, 세계화 가운데 일관되게 증가하여 고용노동자의 약 37%에 달햇다. 비정규직은 남녀, 모든 연령층에서 증가했다.
비정규직의 증가는 기업의 비정규직의 사용 이유나 노동자의 비정규직 선택의 다양화, 양극화를 동반했다. 비정규직의 사용 이유는 1990년대 인건비 절감이나 고용조정이 주된 것이었으나 2000년대는 그러한 이유는 감소하는 반면 전문적 업무 대응이나 정규직 확보 곤란, 그리고 고령자 고용안정법의 대응으로 다양화했다. 노동자의 비정규직 선택 이유도 1990년대 가계보조, 자기 사정에 맞는 시간 근무, 통근시간의 짧음, 간단한 업무나 체력 문제로 비정규직을 주로 선택했는데, 2000년대에는 그것에 덧붙여 전문 자격/기능의 활용, 일 가정 양립, 수입 많은 일, 그리고 정규직 일자리가 없어서 비정규직을 선택하는 다양화가 일어났다. 남녀 간, 그리고 고용 형태 간에도 비정규직 선택의 다양화, 양극화가 일어나고 있다.
비정규직의 증가는 청년층에서는 프리터나 니트의 증가라는 특징적인 현상을 동반했다. 그들의 증가는 기업의 학졸자 신규채용 억제의 영향도 있었으나, 당사자의 낮은 직업의식이나 능력, 학력 저하나 무기력, 책임감 결여 등이 그 주된 요인이다. 이러한 요인의 근원은 유토리 교육, 대학 진학률의 증가, 많은 미등교자다. 비정규직의 증가는 고용불안, 낮은 소득, 정규직과의 격차, 저출산, 저성장, 사회보장시스템의 위기 등 많은 사회경제적 문제를 낳았다.
일본 정부는 2000년대 이후 범정부 차원에서 「청년층 자립/도전 전략회의」 등의 대책을 세우고, 학교에서 경력 교육의 충실화, 학교에서 직장으로의 원활한 이행, 비정규직의 직업능력 향상과 정규직 전환, 기업 규모 간 미스매치 해소 등의 정책을 추진했다. 또한, 법 개정을 통하여 비정규직의 고용안정, 정규직 전환, 정규직과의 불합리한 차별의 금지 규정을 도입했다. 비정규직 문제의 본질적인 해결을 위해서는 교육력의 강화가 필요한데, 이를 위해서는 소비세 인상을 통한 재원 확보가 중요하다. "
"정부가 역점을 두고 있는 노동 시장 개혁 방안의 핵심인 임금피크제의 목적과 실효성을 살펴보고, 과연 이 제도가 공공부문이나 기업 등 민간부문에 실익이 존재하는지를 동시에 검토하였다. 이러한 임금피크제의 목적 및 실효성과 관련하여 청년 고용절벽을 해소할 수 있는 방안을 모색하고자 한다. 또한 임금피크제의 시행과 관련하여 정부의 노동정책과 기업의 고용 전략에 대한 새로운 정책적 제안을 시도하고자 한다. 임금피크제의 시행은 임금조정을 통해 중년 근로자의 계속고용을 보장할 수 있을 뿐 아니라 청년 일자리를 창출할 수 있다. 그러나 각 기관 및 기업의 특성을 무시한 채 일률적으로 임금피크제를 적용할 경우 임금 수준을 하락시키는 편법으로 작용할 수 있고, 공기업의 경우 노령자 구제 수단의 일환으로 악용될 수 있다는 단점도 상존한다. 세대 간 상생고용 촉진을 위한 임금피크제 확산을 위해서는 관련 법 적용과 해석의 불확실성을 해소하고 취업규칙 개정안 등 법적․제도적 장치도 마련되어야 할 것이다. "
"정부의 빈 일자리 고용알선사업 및 취업장려수당의 정책성과를 분석하여, 구직자에게 직접 지급되는 고용보조금이 구직자의 눈높이 미스매치에 어떠한 영향을 끼쳤는지를 평가하였다. 구직자의 눈높이 미스매치 문제는 다른 취업취약계층에 비해 청년층에게 주로 집중된다는 점에서 취업자에게 직접 지원되는 고용보조금은 청년층에게 유효할 것으로 전망된다. 정책평가의 적절성을 담보하기 위해 본 연구에서는 평가집단과 유사한 특성을 갖는 비교집단을 추출하기 위해 취업장려금 DB와 워크넷 DB를 연결하여 1-to-1 매칭과 PSM 매칭을 동시에 활용하여 집단간 유사성을 극대화하였다. 분석결과, 취업자에게 지급된 취업장려수당은 그간 구직자들이 입직하기 꺼렸던 빈 일자리, 소위 나쁜 일자리로의 입직을 촉진한 것으로 나타났다. 이러한 결과는 경쟁적인 노동시장뿐만 아니라 수요독점적인 노동시장에서도 효과적인 것으로 나타났다. 이와 같은 결과는 구직자의 눈높이 미스매치 해소를 위한 방안으로서 신규취업자에게 지급하는 고용보조금이 효과적일 수 있음을 의미한다. 이와 같은 결과를 고려할 때, 빈 일자리사업의 취업장려수당은 특히 고학력자가 집중된 청년층의 일자리 문제를 개선하기 위한 정책수단으로 활용될 때 그 효과가 극대화 될 수 있을 것으로 기대된다. "
"제20대 국회의원선거는 여당압승, 야당참패라는 예측과는 반대로 여소야대의 선거 
혁명이었다. 제20대 국회의원선거에서 선거혁명이 발생한 동인은 정부와 여당에 대한 
잠재적, 내재적 저항감과 선거제도 및 정당구도의 변화에 따른 표면적, 외재적 선거변 
수이다. 선거혁명의 동인은 첫째, 박근혜 정부의 담배값 인상, 보육대란 등과 같은 
정책에 대한 중산층의 민심이반현상이다. 둘째, 박근혜 정부의 한국사 국정화, 위안부 
합의 등과 같은 국민정서와 상반된 정책추진이다. 셋째, 박근혜 정부의 청년실업에 대 
한 대안부재와 한국경제에 대한 안이한 인식이다. 넷째, 박근혜 정부의 세월호 참사, 
메르스 사태 등에서 보여준 국민안전에 대한 불안감이다. 다섯째, 사전투표제도의 도 
입에 따른 2030세대의 적극적인 투표와 유력한 대선주자에 의한 정당 창당은 국민들 
의 투표형태를 변화시켰다. 이에 제20대 국회의원선거는 한국의 정치지형도 변화시켰 
다. 제16대 국회의원선거 이후 16년만에 여소야대 국회를, 제15대 국회의원선거 이후 
20년만에 새누리당, 더불어민주당, 국민의당의 3당체제를 만들었다. 또한 진보세력인 
더불어민주당이 제17대 국회의원선거 이후 12만에 제1당의 지위를 얻었으며, 정치지 
형도 수도권은 더불어민주당, 호남권은 국민의당, 영남권은 새누리당이 제1당의 지위 
를 차지하여 지역의 대표정당에 변화가 나타났다. 한편 국회의원선거와 차기 대통령 
선거의 연관성은 지역구 국회의원선거에서는 유의미한 결과를 보여주지 않았지만, 비 
례대표 국회의원선거에서는 의석율이 45% 미만일 경우에는 정권교체가 나타났다. "
"청년 및 대학생의 현실과 미래는 고실업, 저취업, 불안정고용으로 특징지워져 그들의 삶은 불안하며 위태롭다. 특히 지방대학생은 우리나라 청년들이 겪는 문제 외에도 지방대학생으로써 좌절과 차별을 동시에 경험한다. 본 연구는 지방대학생들의 일상적 경제적 좌절을 서울소재 대학생과의 비교를 통해 실증적으로 분석하고 문제의 중요성을 드러내는 데에 목적이 있다. 연구방법으로는 일상적 좌절에 관한 문항을 항목화한 후, 지방대학생 약 400명, 서울소재 대학생 약 250명을 설문조사하였고, 두 집단의 응답의 결과를 카이자승법을 이용해 통계적으로 유의미한 차이인지 규명하였다. 분석 결과 지방대학생들이 서울소재 대학생에 비해서 상대적으로 일상적 경제적 좌절을 더 심하게 겪는다는 것을 확인하였다. 이에 대한 정책제안으로 본 연구는 프랑스 등 외국에서 이미 시행중인 청년수당 정책이 지방대학생의 경제적 좌절을 해결하기 위한 빠른 대안 중 하나일 수 있음을 제안하였다. "
"청년고용관련 정책대안의 우선순위를 탐색하는 것이다. 이를 위해서 우선 우리나라청년고용정책의 유형을 검토하고, 정책유형별 예산배분을 분석하였다. 그 다음으로 선행연구 분석과 FGI 조사를 통해서 우선순위 탐색을 위한 정책대안들을 선정하였다. 선정된 정책대안들을 미시적 정책대안과거시적 정책대안으로 분류한 뒤, 미시적 정책대안은 여섯 가지 정책영역(직접일자리, 직업훈련, 고용서비스, 고용장려금, 창업지원, 정책운영)으로 구분하고 거시적 정책대안은 다섯 가지 정책영역(산업경제, 법제도, 청년복지, 교육, 사회문화)으로 분류하였다. 이렇게 분류한 정책대안을 구조화된 설문지로 제작하여전문가 대상 AHP 조사를 실시한 뒤, 그 결과를 분석하여 청년고용관련 정책대안의 우선순위를 탐색하였다. 그리고 양적방법인 AHP 조사결과의 타당성을 보완하기 위해서 FGI와 서면조사를 실시하였다. 마지막으로 조사결과를 토대로 현행 청년고용정책을 개선하기 위한 정책적 함의를 도출하였다"
"청년실업이 심각한 사회문제로 대두되면서 대학생이 학교를 졸업하기까지 소요되는 기간이 점차 늘어나고 있다. 이 연구는 우리나라 대학생의 졸업 소요기간을 2008년부터 2013년 기간 사이에 4년제 대학을 졸업한 자를 대상으로 조사한 GOMS 자료를 사용하여 살펴보고, 개인,대학 및 노동시장 특성 변인이 이들의 대학 졸업 소요기간에 미치는 영향을 생존분석 방법을 활용하여 분석하였다.
분석 결과는 다음과 같다. 첫째, 대학생의 평균 졸업 소요기간은 12.3학기, 여학생은 9.9학기, 남학생은 14.3학기였다. 졸업 소요기간이 가장 긴 전공계열은 인문사회계열로서 이들 전공계열의 취업시장에서의 어려움을 반영하고 있다. 둘째, 개인 특성 변인 중에서는 학비조달을 스스로 해야 하는 경우 졸업 소요기간이 상당히 늘어났다. 같은 맥락에서 학업과 근로를 병행하는 경우 졸업 소요기간이 길어졌다. 반면, 취업을 고려하여 대학을 선택한 경우 유의하게 졸업 소요기간이 짧았다. 기대임금이 높을수록 졸업 소요기간도 늘어났다. 사회계열 전공의 남학생은 인문계열보다 졸업이 늦었고, 공학계열 전공의 여학생은 인문계열보다 졸업이 빨랐다. 셋째, 대학 특성 변인 중에서는 사립대학 및 서울 소재 대학 학생들의 졸업이 늦었고, 중위권 대학 학생들의 졸업 소요기간이 특히 길었다. 학생1인당 교육비와 교원 1인당 학생수가 졸업 소요기간에 미치는 영향력은 미미했다. 마지막으로 청년 실업률이 높을수록 학생들의 졸업 소요기간은 매우 큰 폭으로 늘어났는데, 특히 공학계열 전공자에게 부정적인 영향을 주었다.
정책적 시사점으로는 청년실업률에 민감한 공학계열 특성을 고려하여 전공을 넘어서는 범용 능력의 함양, 장학금의 효과를 높이기 위한 정책 설계, 대학 이전 단계부터 내실있는 진로교육과 대학생의 취업시장에 대한 현실감 제고를 위한 다양한 취업진로 프로그램 실시 등을 제언하였다. "
"청년창업이 중요한 시점에서 5만 개 이상 창업자를 대상으로 13년 동안의 생존과 폐업 자료의 체계적인 분석(Cox`s proportional hazard model)을 통해 청년창업과 일반창업 간 생존율 영향요인을 비교분석하였다. 청년 및 일반창업의 위험률영향을 검토하기 위하여 PH 모델을 사용하여 인과관계 분석을 시도했다. 청년창업은 일반창업에 비하여 생존율이 낮았다. 창업의 위험률을 성별, 고용 및 재무특성, 자산 및 부채 규모, 매출액, 순이익, 이자보상배율, 업종 및 지역 등의 변수에 따른 영향을 분석했다. 청년창업의 경우, 자산규모, 순이익, 이자보상배율 등의 변수는 창업 위험률에 영향이 없지만, 다른 변수들은 영향을 미치는 것으로 나타났다. 본 연구를 통해 다음과 같은 정책적 시사점을 얻을 수 있다. 청년창업을 활성화하는 것도 중요하지만, 그 보다는 청년창업의 생존 능력을 제고할 수 있도록 지속적인 관심을 갖고 지원정책을 실시해야 한다. 청년 창업기업의 생존 및 성장 지원책이 더 강화되어야 한다. 또한 창업지원정책수립 및 집행 단계부터 창업기업의 생존능력을 고려할 필요성이 있다. 한편 청년창업의 실패에 대한 재도전 기회를 극대화시키는 정책이 강화되어야 할 것이다. "
"청년패널(2007) 1∼7차 자료를 가지고 청년들의 노동시장 초기의 일자리 변동과 안정성을 분석하고 시사점을 도출하였다. 마코프 전환확률 모형을 이용하여 청년층의 노동시장 이행 초기의 변동성을 분석한 결과, 남성의 취업유지확률이 여성에 비하여 높으며, 고졸자가 고학력자에 비하여 취업유지확률이 낮고 대학진학이나 미취업으로 전환할 확률이 높게 나타났다. 임금근로자로 진입하여 계속 근로하는 경우를 대상으로 분석한 결과, 정규직 진입자의 정규직 유지가능성이나 3개년 연속 동일 일자리를 유지하는 확률이 비정규직보다 높기는 하나 정규직으로 노동시장에 진입한 경우에도 상당한 정도의 고용형태 및 일자리 변동을 경험하고 있는 것으로 나타났다. 또한 동일한 일자리 유지확률이나 정규직 유지확률은 학력이 높을수록 높게 나타나 저학력 청년들의 경우 일자리 안정성이나 정규직 유지 가능성이 고학력 청년들에 비하여 취약하다는 것을 보여주고 있다. 임금에 미치는 영향을 분석한 결과, 3년 동일 직장을 유지한 경우와 정규직을 유지한 경우가 그렇지 않은 경우에 비하여 임금이 더 높은 것으로 나타났다. 이는 청년층의 노동시장 이행 초기에 일자리 변동이 심하며 초기 노동시장 이행성과가 이후 일자리의 안정성이나 일자리의 질에 큰 영향을 미침을 보여주는 것이다. 특히 고졸자의 일자리 불안정성, 정규직 유지 가능성이 상대적으로 취약함을 알 수 있다. 본 연구결과는 1, 2차 노동시장 간 구조적 격차해소와 다양한 양질의 일자리 창출 등을 통한 청년층 일자리 확대와 더불어 청년층의 일자리 조기 정착을 위한 직무 맞춤형 진로와 직업지도, 교육훈련, 그리고 고졸취업지원 정책의 내실화가 필요함을 시사하고 있다."
"최고치를 경신한 청년실업률로 인해 청년실업문제는 경제문제를 벗어나 사회문제로 까지 확산되고 있다. 국가경제에 부정적인 영향을 미치고 있음은 물론 많은 청년들이 미래설계를 포기하고 희망을 잃어가고 있다. 정부는 이러한 문제들을 해결하기 위해 공공부문 일자리 및 다양한 직장체험기회 제공, 직업훈련과 취업알선 등 각종 대책을 수립하고 시행해 왔지만 청년실업률은 좀처럼 낮아지지 않고 있다. 이에 따라 본 연구는 큰 가시적인 효과를 보여주지 못하고 있는 정부의 청년취업대책의 문제점을 살펴보고 기존 거시적 연구들이 결여하고 있는 청년층의 취업에 영향을 주는 요인들에 대해 탐색적 분석을 시도하였다. 의사결정나무 분석과 신경망분석을 혼합한 데이터마이닝 기법을 활용한 결과 개인 특성에서는 성별과 학력, 가족환경에서는 가족수입만족도, 취업준비에서는 직업훈련이 청년취업 결정 요인으로 작용하는 것을 발견했다. 청년취업 대책의 효과성을 높이기 위해서는 위와 같은 요인들이 충분히 고려될 필요가 있다. "
"최근 청년실업과 베이비붐세대의 은퇴가 소상공인 창업시장의 양적 성장을 촉진시키고 있다. 정부의 지원정책 확대와 다양화도 양적 성장과 무관하지 않을 것이다. 본 연구는 지원정책의 실효성을 조사하기 위하여 소상공인진흥공단의 지원제도에 대한 경남지역 이용자의 만족도를 설문조사를 이용하여 분석한다. 연구를 위하여 소상공인시장진흥공단이 지원하는 제도 중 자금지원, 교육지원, 컨설팅지원에 대한 만족도를 분석한다. 또한, 지원제도별 소상공인의 인구통계학적 측면과 이용 빈도, 창업동기, 창업형태, 업종 경력, 종업원 수를 분석하였다. 
분석결과, 자금지원, 교육지원, 컨설팅지원에서는 성별과 연령에 따른 유의적인 차이가 나타나지 않았다. 그러나 학력에 따라서는 유의적인 차이가 나타났다. 소상공인의 창업동기에 따라 교육지원와 컨설팅지원의 만족도가 유의적으로 차이가 나타났다. 창업형태, 업종경력에 따라서는 세 가지 소상공인지원제도에 따라서 유의적인 차이가 없었다. 창업업종은 컨설팅지원에서, 종업원 수는 자금지원에서 통계적으로 의미 있는 차이가 나타났다. "
"한국사회에서 수저론은 보다 나은 사회적 지위로의 사회이동의 가능성이 희박하다는 청년층의 인식을 대변한다. 수저론은 객관적 현실과 주관적 인식이 결합하여 생겨난 것이기 때문에 그 객관적 근거를 확인하는 것은 매우 중요하다. 사회이동에서 특히 세대간 이동의 가능성은 미래에 대한 낙관적 전망의 근거가 되기 때문에 중요하다. 사회이동은 경제학에서 주로 다루는 소득이동과 사회학에서 주로 다루는 계급이동이 모두 포괄된다. 한국에서 소득 및 계급적 지위의 이동성은 국제적으로 살펴볼 때 매우 낮은 수준은 아니지만 시계열적으로 보면 그동안 지속적으로 낮아져 왔다. 한국에서 사회이동이 감소해온 것은 기회의 분배를 의미하는 순환적 이동보다 기회의 절대적 양에 의존하는 구조적 이동이 크게 줄었다는 것이 주요한 원인이 된다. 또한 사회이동을 가로막는 현실로는 그동안 심화된 소득불평등과 교육투자의 성격변화 즉 교육이 이동 기제로부터 폐쇄의 기제로 바뀐 것을 들 수 있다. 한국에서 사회이동을 촉진하려면 청년층 특히 저소득층 청년을 겨냥한 일자리 공급의 활성화, 재분배 중심의 조세 및 복지정책을 강화하는 것, 공교육 강화를 통한 교육의 계층 재생산적 성격의 약화, 그리고 제도적 개입을 통해서 배제와 차별을 줄이려는 정책적 노력이 필요하다. "
"한국은 기술혁신과 세계화로 대기업과 중소기업에 의한 경제의 이중구조와 정규직과 비정규직에 의한 고용의 이중구조가 악화되고, 동시에 숙련퇴화의 속도가 빨라지면서 고령자의 빈곤화가 커지고 여성의 경력단절비용이 올라가며 교육과 노동시장의 괴리로 청년실업이 악화되고 있지만, 노동시장정책을 둘러싼 갈등이 커져 성장 및 생산성 둔화와 고용불안 및 소득불평등이 방치되고 있다. 본 논문은 이러한 문제를 기존의 연구결과를 비교분석함으로써 밝히고 국제비교 관점에서 노동시장정책개혁과 갈등해결의 방향을 제시한다. 한국의 노동시장 현실을 고려하면 노동시장정책개혁은 법제도의 개혁을 넘어서야 하고, 생산물시장의 개혁을 포함해 새로운 경제성장모형을 만드는 차원에서 접근해야 하며, 기업의 고용과 임금 결정에 영향을 미치는 혁신시스템과 근로자의 노동시장참여에 영향을 미치는 복지시스템 그리고 노동시장의 균형에 영향을 미치는 교육시스템의 개혁과 연계해서 추진되어야 한다. 노동시장정책개혁에 따른 갈등을 줄이기 위해서는 정책의 방향을 생산성과 고용의 질 제고에 두고, 임금고용문제의 적극적 해결을 규정하고 있는 헌법과 고용불안이 민주주의 위기를 초래하는 정치사회 현실에 부응해 노동시장정책의 역할을 확대하며, 성장의 원리가 인적자본이 기술혁신을 주도하는 방향으로 변화하는데 맞추어 재정금융정책의 한계를 보완하고 일과 삶의 균형 추구 등 사회 통합적으로 노동시장정책 개혁을 추진해야 한다. "
"한국은 현재 고령화, 저성장, 양극화 등의 주요 사회경제 문제들이 서로 악순환 관계를 형성하며, 다양한 차원과 수준에서 사회구성원들 간의 갈등을 무한히 확대, 심화, 재생산시켜가고 있는 매우 심각한 상황에 처해 있다. 최근에는 ‘신종’ 사회갈등이라할 수 있는 세대 간 갈등마저 첨예화할 조짐을 보이고 있다. 개개인의 삶의 질을 결정하는 분배 및 재분배 정책에 대한 민감도가 모든 연령층에 걸쳐 높아져가면서 세대간의 정치 선호 차이, 정확히 말하자면, 정당정치에 대한 선호 차이 역시 점점 더 뚜렷해져가고 있다. 이른바 ‘세대정치’의 부상 조짐인 것이다. 그런데, 이 세대정치의 부상은 주로 청년세대들에 의해 추동되고 있다. 좋은 일자리는 계속 줄어드는데 고령화에따른 복지 부담은 줄곧 늘기만 한다는 상황 인식, 보다 일반화하여 말하자면, 분배및 재분배 상황이 점점 더 자신들에게 불리한 방향으로 가고 있다는 인식이 청년들사이에 확산되면서 이 ‘세대 간 불평등 문제’ 혹은 ‘청년문제’는 결국 정치적 해법으로풀어야 한다는 주장이 힘을 얻고 있기 때문인 듯하다.

사실 청년들이 겪고 있는 어려움의 상당부분은 소위 ‘노인정치’(gerontocracy)의 위력에 따른 세대 불균형적 분배 정책의 소산이다. 따라서 청년세대의 저항과 반발이 그정책, 더 정확히는 그러한 정책을 양산해내는 정부 혹은 정치에 대하여 일어나는 것은당연한 것이라 할 수 있다. 이탈리아와 스페인의 경우에는 기성 정치에 대한 청년들의그러한 불만이 청년정치의 부상, 그리고 나중에는 정당체계의 변화로까지 이어졌다.

최근 감지되고 있는 세대정치 활성화 움직임은 종국에 한국 정당체계의 실질적 변화로까지 이어질 것인가? 요컨대, 유력한 청년 대표 정당이 부상할 수 있을까? 본 연구에서 다루고 있는 핵심 질문이다. 결론을 먼저 말하자면, 한국에서 청년정치의 수요가증대한 것은 분명한 사실이나 그것이 청년당의 부상과 같은 정당체계의 유의미한 변화로까지 이어질 가능성은 매우 낮다는 것이다. 그 핵심 원인은 제도 조건의 미성숙이라고 진단한다. "
"한국의 실업의 상황과 그 원인, 그리고 영향을 탐구한다. 2007, 2008글로벌 금융위기 이후 유럽 노동시장과 경제는 급격히 약화되었으며, 이로 인해 유발된 높은 청년 실업률은 해당 국가들이 해결해야 할 가장 중요한 문제라고 하겠다. 다른 유럽지역도 그러하겠지만 특히 남부 유럽지역은 심각한 청년 실업률로 인해 고통 받고 있으며, 이로 인해 엄청난 사회 경제적 비용을 소비하고 있다. 한국의 청년들은 1997~98 경제 위기와 IMF의 구제 금융 이후, 청년 실업율을 증가시키는 다양한 노동 시장 변화 상황에 직면하고 있다. 가장 먼저 해고되고 가장 나중에 고용되는 세대라고 일컬어지는 유럽의 청년 계층과 이에 해당하는 한국의 청년들은 일자리 시장에서 소외되고 있으며, 이로 인한 방향감각 상실로 인해 유럽에서는 잃어버린 세대, 한국에서는 포기한 세대라는 청년계층이 생겨났다. 둘째로, 본 논문은 청년실업 위기에 직면해 이를 해결하기 위한 유럽기구와 유럽국가들, 한국의 정치적 해결방안 분석을 목적으로 한다. 기존 시행된 범 유럽과 유럽 연합의 노동시장 규정과 실업문제 해결을 위한 규정을 분석하고, 과거 수십 년 간 청년 세대와 관련된 유용한 프로젝트가 도입됐음에도 불구하고 여전히 많은 국가에서 젊은 세대를 위한 구체적인 실업정책이 전반적으로 불충분하다는 결론으로 귀결된다. 유럽각국과 연합기구에서는 청년계층의 실업 문제에 전념해야 한다는 인식이 부족했으며, 일자리의 질, 직업 안정성 그리고 사회적 안정성 등을 제외한 `유연안전성(flexicurity)`에만 집중했다. 한국 정부는 `브리지 플랜 2020`을 통해 청년 실업의 위기에 대한 대책으로 작업 시간단축, 고용 관계 개선, 직업 훈련 증가와 임금 피크제의 시행을 제시하고 있다. 그럼에도 청년 실업인력을 위한 복지 정책이 전반적인 부족하며, 청년 고용 비율을 높이기 위한 대기업들의 의지가 약한다는 비판을 받는다. 이 논문의 모든 국가들은 정치적 결정에 있어서 청년층에 대한 세부적이고 집중적 노력을 증대할 필요성이 있다. "
"현재, 우리 경제는 청년실업문제가 중요한 사회적 이슈가 되고 있으며, 거시경제적 경기둔화속에서 일자리문제가 심각하게 논의되고 있다. 이러한 상황에서 우리나라 근로자의 직장탐색행위의 정도 즉, 실직지속기간 및 구직확률(함수)에 대한 이론적, 실증적 분석은 중요하다. 본 연구에서는 한국노동패널조사를 통해 구직기간에 대한 위험계량모형을 적용하였다. 구직 지속기간 데이터가 대수정규분포 위험모형에 잘 적합되며 특히, 2006년부터 2008년까지 근로자의 구직함수가 상향이동했음을 보여준다. 평소 활동 중 여가관련 활동이 많은 근로자일수록 구직이 끝날 위험확률이 낮음을 보여준다. 또한, 근로자의 성별 특성이 위험확률에 미치는 영향은 여성일수록 위험확률이 낮아 구직기간이 길어짐을 보인다. 9차 및 10차 노동패널결과와 비교해보면 11차의 경우, 여성근로자의 구직확률이 시간경과에 따라 더 감소하는 것으로 나타난다. 여성근로자의 위험확률이 최근까지 감소해 온 것은 정부의 고용정책의 필요성을 시사한다. 마지막으로, 실업보험 가입여부가 구직확률에 미치는 영향을 보면, 직관과는 달리 보험가입 근로자의 구직확률이 오히려 상승함을 보여준다. "
